row_index,zero_proportion,zero_count,total_count
0,0.9055374592833876,278,307
1,0,0,307
2,0,0,307
3,0.003257328990228013,1,307
4,0,0,307
5,0.996742671009772,306,307
6,0,0,307
7,0.2671009771986971,82,307
8,0.9348534201954397,287,307
9,1,307,307
10,0.2931596091205212,90,307
11,0.18566775244299674,57,307
12,0.15960912052117263,49,307
13,0.6840390879478827,210,307
14,0.36482084690553745,112,307
15,0.9641693811074918,296,307
16,1,307,307
17,0.996742671009772,306,307
18,0.3289902280130293,101,307
19,0,0,307
20,0,0,307
21,0.4364820846905538,134,307
22,0,0,307
23,1,307,307
24,0.9055374592833876,278,307
25,0.5993485342019544,184,307
26,0.6612377850162866,203,307
27,0,0,307
28,0,0,307
29,0,0,307
30,0.8599348534201955,264,307
31,0.11726384364820847,36,307
32,0,0,307
33,0.029315960912052116,9,307
34,0,0,307
35,0,0,307
36,0.3550488599348534,109,307
37,0.758957654723127,233,307
38,0,0,307
39,0.4560260586319218,140,307
40,0,0,307
41,0.5374592833876222,165,307
42,0.3811074918566775,117,307
43,0.5830618892508144,179,307
44,0.003257328990228013,1,307
45,0,0,307
46,0,0,307
47,0,0,307
48,0,0,307
49,0.029315960912052116,9,307
50,0,0,307
51,0,0,307
52,0,0,307
53,0,0,307
54,0,0,307
55,0,0,307
56,0,0,307
57,0,0,307
58,0,0,307
59,0.05211726384364821,16,307
60,0,0,307
61,0.05211726384364821,16,307
62,0.003257328990228013,1,307
63,0,0,307
64,0,0,307
65,0,0,307
66,0,0,307
67,0,0,307
68,0,0,307
69,0.016286644951140065,5,307
70,0,0,307
71,0.029315960912052116,9,307
72,0.009771986970684038,3,307
73,0,0,307
74,0.4495114006514658,138,307
75,0,0,307
76,0,0,307
77,0.1758957654723127,54,307
78,0,0,307
79,0,0,307
80,0,0,307
81,0,0,307
82,0,0,307
83,0.11726384364820847,36,307
84,0.7035830618892508,216,307
85,0.6058631921824105,186,307
86,0,0,307
87,0.009771986970684038,3,307
88,0,0,307
89,0,0,307
90,0,0,307
91,0.0749185667752443,23,307
92,0.009771986970684038,3,307
93,0,0,307
94,0.5895765472312704,181,307
95,0,0,307
96,0,0,307
97,0.035830618892508145,11,307
98,0,0,307
99,0,0,307
100,0,0,307
101,0,0,307
102,0,0,307
103,0,0,307
104,0,0,307
105,0,0,307
106,0,0,307
107,0.029315960912052116,9,307
108,0.08469055374592833,26,307
109,0,0,307
110,0,0,307
111,0.016286644951140065,5,307
112,0,0,307
113,0,0,307
114,0,0,307
115,0,0,307
116,0,0,307
117,0,0,307
118,0,0,307
119,0,0,307
120,0,0,307
121,0,0,307
122,0,0,307
123,0,0,307
124,0,0,307
125,0,0,307
126,0,0,307
127,0,0,307
128,0,0,307
129,0,0,307
130,0,0,307
131,0,0,307
132,0,0,307
133,0.006514657980456026,2,307
134,0.003257328990228013,1,307
135,0.2703583061889251,83,307
136,0,0,307
137,0,0,307
138,0,0,307
139,0,0,307
140,0,0,307
141,0,0,307
142,0,0,307
143,0,0,307
144,0,0,307
145,0,0,307
146,0,0,307
147,0,0,307
148,0.14332247557003258,44,307
149,0,0,307
150,0,0,307
151,0,0,307
152,0,0,307
153,0.009771986970684038,3,307
154,0,0,307
155,0,0,307
156,0,0,307
157,0,0,307
158,0,0,307
159,0,0,307
160,0,0,307
161,0,0,307
162,0,0,307
163,0,0,307
164,0.10749185667752444,33,307
165,0,0,307
166,0,0,307
167,0.15960912052117263,49,307
168,0.9641693811074918,296,307
169,0.8794788273615635,270,307
170,0,0,307
171,0,0,307
172,0.006514657980456026,2,307
173,0.6286644951140065,193,307
174,0,0,307
175,0,0,307
176,0,0,307
177,0,0,307
178,0,0,307
179,0,0,307
180,0.7003257328990228,215,307
181,0,0,307
182,0,0,307
183,0,0,307
184,0,0,307
185,0.8859934853420195,272,307
186,0,0,307
187,0,0,307
188,0,0,307
189,0,0,307
190,0.06514657980456026,20,307
191,0,0,307
192,0,0,307
193,0,0,307
194,0,0,307
195,0,0,307
196,0,0,307
197,0.003257328990228013,1,307
198,0,0,307
199,0,0,307
200,0,0,307
201,0,0,307
202,0,0,307
203,0,0,307
204,0.6123778501628665,188,307
205,0,0,307
206,0,0,307
207,0.04560260586319218,14,307
208,0.029315960912052116,9,307
209,0.029315960912052116,9,307
210,0.04560260586319218,14,307
211,0,0,307
212,0,0,307
213,0,0,307
214,0,0,307
215,0,0,307
216,0,0,307
217,0.07166123778501629,22,307
218,0.04560260586319218,14,307
219,0.9315960912052117,286,307
220,0.9511400651465798,292,307
221,0,0,307
222,0.9511400651465798,292,307
223,0.02280130293159609,7,307
224,0,0,307
225,0,0,307
226,0.003257328990228013,1,307
227,0.09771986970684039,30,307
228,0,0,307
229,0.09120521172638436,28,307
230,0,0,307
231,0.15960912052117263,49,307
232,0,0,307
233,0,0,307
234,0,0,307
235,0.8306188925081434,255,307
236,0.8371335504885994,257,307
237,0.6872964169381107,211,307
238,0.09446254071661238,29,307
239,0.9576547231270358,294,307
240,0,0,307
241,0.08469055374592833,26,307
242,0.4560260586319218,140,307
243,0,0,307
244,0,0,307
245,0,0,307
246,0,0,307
247,0,0,307
248,0,0,307
249,0,0,307
250,0,0,307
251,0,0,307
252,0,0,307
253,0,0,307
254,0.8892508143322475,273,307
255,0.8241042345276873,253,307
256,0,0,307
257,0.003257328990228013,1,307
258,0,0,307
259,0,0,307
260,0,0,307
261,0,0,307
262,0,0,307
263,0.003257328990228013,1,307
264,0,0,307
265,0,0,307
266,0.9283387622149837,285,307
267,0.23452768729641693,72,307
268,0,0,307
269,0,0,307
270,0,0,307
271,0,0,307
272,0,0,307
273,0,0,307
274,0.8566775244299675,263,307
275,0,0,307
276,0.15309446254071662,47,307
277,0.1498371335504886,46,307
278,0.019543973941368076,6,307
279,0.009771986970684038,3,307
280,0.03908794788273615,12,307
281,0,0,307
282,0.7068403908794788,217,307
283,0.8957654723127035,275,307
284,0.8631921824104235,265,307
285,0,0,307
286,0,0,307
287,0.8175895765472313,251,307
288,0.8827361563517915,271,307
289,0,0,307
290,0.9837133550488599,302,307
291,0,0,307
292,0,0,307
293,0.009771986970684038,3,307
294,0,0,307
295,0,0,307
296,0,0,307
297,0,0,307
298,0,0,307
299,0.009771986970684038,3,307
300,0,0,307
301,0.003257328990228013,1,307
302,0.23452768729641693,72,307
303,0,0,307
304,0.31596091205211724,97,307
305,0,0,307
306,0,0,307
307,0,0,307
308,0,0,307
309,0,0,307
310,0,0,307
311,0.003257328990228013,1,307
312,0,0,307
313,0,0,307
314,0,0,307
315,0.003257328990228013,1,307
316,0,0,307
317,0.006514657980456026,2,307
318,0,0,307
319,0,0,307
320,0,0,307
321,0.10749185667752444,33,307
322,0,0,307
323,0,0,307
324,0,0,307
325,0,0,307
326,0,0,307
327,0,0,307
328,0,0,307
329,0,0,307
330,0,0,307
331,0.30293159609120524,93,307
332,0,0,307
333,0.12052117263843648,37,307
334,0,0,307
335,0,0,307
336,0,0,307
337,0,0,307
338,0,0,307
339,0.19218241042345277,59,307
340,0,0,307
341,0.07166123778501629,22,307
342,0.14006514657980457,43,307
343,0,0,307
344,0,0,307
345,0,0,307
346,0,0,307
347,0.7785016286644951,239,307
348,0.07166123778501629,22,307
349,0.22149837133550487,68,307
350,0.5798045602605864,178,307
351,0,0,307
352,0.18566775244299674,57,307
353,0.742671009771987,228,307
354,0,0,307
355,0,0,307
356,0.8892508143322475,273,307
357,0.31596091205211724,97,307
358,0,0,307
359,0,0,307
360,0,0,307
361,0,0,307
362,0,0,307
363,0,0,307
364,0,0,307
365,0,0,307
366,0,0,307
367,0,0,307
368,0,0,307
369,0,0,307
370,0,0,307
371,0,0,307
372,0,0,307
373,0,0,307
374,0.498371335504886,153,307
375,0,0,307
376,0.019543973941368076,6,307
377,0,0,307
378,0,0,307
379,0,0,307
380,0.009771986970684038,3,307
381,0,0,307
382,0.20846905537459284,64,307
383,0,0,307
384,0,0,307
385,0,0,307
386,0,0,307
387,0,0,307
388,0,0,307
389,0,0,307
390,0,0,307
391,0,0,307
392,0,0,307
393,0,0,307
394,0,0,307
395,0,0,307
396,0.12052117263843648,37,307
397,0,0,307
398,0,0,307
399,0,0,307
400,0,0,307
401,0,0,307
402,0,0,307
403,0,0,307
404,0.9218241042345277,283,307
405,0.6547231270358306,201,307
406,0,0,307
407,0,0,307
408,0,0,307
409,0,0,307
410,0,0,307
411,0,0,307
412,0,0,307
413,0,0,307
414,0,0,307
415,0,0,307
416,0,0,307
417,0,0,307
418,0.6091205211726385,187,307
419,0,0,307
420,0,0,307
421,0.09771986970684039,30,307
422,0,0,307
423,0,0,307
424,0,0,307
425,0,0,307
426,0,0,307
427,0,0,307
428,0,0,307
429,0,0,307
430,0,0,307
431,0,0,307
432,0,0,307
433,0,0,307
434,0,0,307
435,0,0,307
436,0,0,307
437,0,0,307
438,0,0,307
439,0.019543973941368076,6,307
440,0.08794788273615635,27,307
441,0,0,307
442,0.15960912052117263,49,307
443,0,0,307
444,0.019543973941368076,6,307
445,0.5895765472312704,181,307
446,0,0,307
447,0.009771986970684038,3,307
448,0.4006514657980456,123,307
449,0,0,307
450,0.9446254071661238,290,307
451,0.6547231270358306,201,307
452,0,0,307
453,0,0,307
454,0,0,307
455,0,0,307
456,0,0,307
457,0,0,307
458,0,0,307
459,0,0,307
460,0,0,307
461,0,0,307
462,0,0,307
463,0,0,307
464,0.23127035830618892,71,307
465,0.4820846905537459,148,307
466,0.49185667752442996,151,307
467,0,0,307
468,0,0,307
469,0,0,307
470,0,0,307
471,0,0,307
472,0.003257328990228013,1,307
473,0,0,307
474,0,0,307
475,0,0,307
476,0.019543973941368076,6,307
477,0,0,307
478,0,0,307
479,0.3583061889250814,110,307
480,0,0,307
481,0.43973941368078173,135,307
482,0.05863192182410423,18,307
483,0,0,307
484,0,0,307
485,0,0,307
486,0,0,307
487,0.009771986970684038,3,307
488,0,0,307
489,0,0,307
490,0,0,307
491,0,0,307
492,0,0,307
493,0.1791530944625407,55,307
494,0,0,307
495,0,0,307
496,0,0,307
497,0.6742671009771987,207,307
498,0,0,307
499,0,0,307
500,0,0,307
501,0,0,307
502,0,0,307
503,0,0,307
504,0,0,307
505,0,0,307
506,0,0,307
507,0.6351791530944625,195,307
508,0,0,307
509,0,0,307
510,0.14006514657980457,43,307
511,0.36482084690553745,112,307
512,0,0,307
513,0.013029315960912053,4,307
514,0.003257328990228013,1,307
515,0,0,307
516,0.6872964169381107,211,307
517,0.6905537459283387,212,307
518,0.7035830618892508,216,307
519,0.02280130293159609,7,307
520,0,0,307
521,0.003257328990228013,1,307
522,0.009771986970684038,3,307
523,0,0,307
524,0,0,307
525,0,0,307
526,0,0,307
527,0,0,307
528,0,0,307
529,0,0,307
530,0.1465798045602606,45,307
531,0.16612377850162866,51,307
532,0,0,307
533,0,0,307
534,0,0,307
535,0,0,307
536,0,0,307
537,0,0,307
538,0,0,307
539,0.006514657980456026,2,307
540,0,0,307
541,0,0,307
542,0.013029315960912053,4,307
543,0,0,307
544,0,0,307
545,0,0,307
546,0,0,307
547,0,0,307
548,0,0,307
549,0,0,307
550,0.016286644951140065,5,307
551,0,0,307
552,0,0,307
553,0.11400651465798045,35,307
554,0,0,307
555,0,0,307
556,0,0,307
557,0,0,307
558,0,0,307
559,0,0,307
560,0,0,307
561,0.24429967426710097,75,307
562,0.05537459283387622,17,307
563,0,0,307
564,0,0,307
565,0,0,307
566,0,0,307
567,0,0,307
568,0,0,307
569,0,0,307
570,0,0,307
571,0,0,307
572,0,0,307
573,0,0,307
574,0,0,307
575,0,0,307
576,0,0,307
577,0,0,307
578,0.003257328990228013,1,307
579,0.4820846905537459,148,307
580,0.0749185667752443,23,307
581,0,0,307
582,0.1237785016286645,38,307
583,0.006514657980456026,2,307
584,0,0,307
585,0.003257328990228013,1,307
586,0.10097719869706841,31,307
587,0,0,307
588,0,0,307
589,0.02280130293159609,7,307
590,0.5765472312703583,177,307
591,0,0,307
592,0.003257328990228013,1,307
593,0,0,307
594,0,0,307
595,0.048859934853420196,15,307
596,0.05211726384364821,16,307
597,0,0,307
598,0.016286644951140065,5,307
599,0.08469055374592833,26,307
600,0,0,307
601,0,0,307
602,0,0,307
603,0.3289902280130293,101,307
604,0,0,307
605,0.36156351791530944,111,307
606,0.1758957654723127,54,307
607,0.19218241042345277,59,307
608,0.7817589576547231,240,307
609,0,0,307
610,0.9087947882736156,279,307
611,0.04234527687296417,13,307
612,0,0,307
613,0,0,307
614,0.026058631921824105,8,307
615,0,0,307
616,0.8501628664495114,261,307
617,1,307,307
618,0,0,307
619,0.22149837133550487,68,307
620,0.009771986970684038,3,307
621,0,0,307
622,0,0,307
623,0,0,307
624,0,0,307
625,0,0,307
626,0,0,307
627,0,0,307
628,0,0,307
629,0,0,307
630,0,0,307
631,0,0,307
632,0.4755700325732899,146,307
633,0,0,307
634,0,0,307
635,0,0,307
636,0.8501628664495114,261,307
637,0,0,307
638,0.026058631921824105,8,307
639,0.2931596091205212,90,307
640,0,0,307
641,0.003257328990228013,1,307
642,0,0,307
643,0,0,307
644,0,0,307
645,0,0,307
646,0,0,307
647,0,0,307
648,0,0,307
649,0,0,307
650,0,0,307
651,0,0,307
652,0,0,307
653,0,0,307
654,0,0,307
655,0,0,307
656,0,0,307
657,0.254071661237785,78,307
658,0,0,307
659,0,0,307
660,0.3550488599348534,109,307
661,0,0,307
662,0.4788273615635179,147,307
663,0.013029315960912053,4,307
664,0.23127035830618892,71,307
665,0,0,307
666,0,0,307
667,0,0,307
668,0,0,307
669,0,0,307
670,0,0,307
671,0.2671009771986971,82,307
672,0,0,307
673,0,0,307
674,0,0,307
675,0,0,307
676,0,0,307
677,0.016286644951140065,5,307
678,0,0,307
679,0,0,307
680,0,0,307
681,0,0,307
682,0,0,307
683,0,0,307
684,0,0,307
685,0,0,307
686,0,0,307
687,0,0,307
688,0,0,307
689,0,0,307
690,0,0,307
691,0,0,307
692,0,0,307
693,0.08143322475570032,25,307
694,0.048859934853420196,15,307
695,0.31596091205211724,97,307
696,0.10097719869706841,31,307
697,0,0,307
698,0,0,307
699,0.003257328990228013,1,307
700,0.38762214983713356,119,307
701,0,0,307
702,0,0,307
703,0,0,307
704,0,0,307
705,0.029315960912052116,9,307
706,0.8925081433224755,274,307
707,0.5342019543973942,164,307
708,0.16938110749185667,52,307
709,0,0,307
710,0.1465798045602606,45,307
711,0,0,307
712,0.13029315960912052,40,307
713,0.5798045602605864,178,307
714,0,0,307
715,0,0,307
716,0,0,307
717,0,0,307
718,0,0,307
719,0,0,307
720,0,0,307
721,0,0,307
722,0,0,307
723,0,0,307
724,0,0,307
725,0,0,307
726,0,0,307
727,0,0,307
728,0,0,307
729,0,0,307
730,0,0,307
731,0.2703583061889251,83,307
732,0.003257328990228013,1,307
733,0,0,307
734,0,0,307
735,0,0,307
736,0,0,307
737,0.05863192182410423,18,307
738,0,0,307
739,0,0,307
740,0,0,307
741,0,0,307
742,0.7947882736156352,244,307
743,0,0,307
744,0,0,307
745,0,0,307
746,0,0,307
747,0,0,307
748,0.003257328990228013,1,307
749,0.06188925081433225,19,307
750,0.09120521172638436,28,307
751,0,0,307
752,0,0,307
753,0,0,307
754,0,0,307
755,0,0,307
756,0,0,307
757,0,0,307
758,0.21498371335504887,66,307
759,0.8273615635179153,254,307
760,0,0,307
761,0,0,307
762,0,0,307
763,0,0,307
764,0.20521172638436483,63,307
765,0,0,307
766,0.5407166123778502,166,307
767,0,0,307
768,0.03257328990228013,10,307
769,0,0,307
770,0,0,307
771,0,0,307
772,0.28013029315960913,86,307
773,0,0,307
774,0,0,307
775,0,0,307
776,0,0,307
777,0,0,307
778,0,0,307
779,0.9185667752442996,282,307
780,0.006514657980456026,2,307
781,0.013029315960912053,4,307
782,0,0,307
783,0,0,307
784,0,0,307
785,0,0,307
786,0,0,307
787,0.9771986970684039,300,307
788,0,0,307
789,0,0,307
790,0,0,307
791,0,0,307
792,0,0,307
793,0,0,307
794,0,0,307
795,0,0,307
796,0,0,307
797,0,0,307
798,0,0,307
799,0,0,307
800,0,0,307
801,0,0,307
802,0,0,307
803,0.003257328990228013,1,307
804,0,0,307
805,0,0,307
806,0,0,307
807,0,0,307
808,0,0,307
809,0,0,307
810,0,0,307
811,0,0,307
812,0,0,307
813,0,0,307
814,0,0,307
815,0,0,307
816,0,0,307
817,0,0,307
818,0,0,307
819,0,0,307
820,0,0,307
821,0,0,307
822,0.006514657980456026,2,307
823,0,0,307
824,0.8631921824104235,265,307
825,0,0,307
826,0,0,307
827,0,0,307
828,0,0,307
829,0,0,307
830,0,0,307
831,0,0,307
832,0,0,307
833,0,0,307
834,0,0,307
835,0,0,307
836,0,0,307
837,0,0,307
838,0,0,307
839,0,0,307
840,0,0,307
841,0.7752442996742671,238,307
842,0.8957654723127035,275,307
843,0.4364820846905538,134,307
844,0,0,307
845,0.7915309446254072,243,307
846,0.016286644951140065,5,307
847,0.006514657980456026,2,307
848,0,0,307
849,0,0,307
850,0,0,307
851,0,0,307
852,0,0,307
853,0.013029315960912053,4,307
854,0.23127035830618892,71,307
855,0.18892508143322476,58,307
856,0.495114006514658,152,307
857,0,0,307
858,0,0,307
859,0.8078175895765473,248,307
860,0.41368078175895767,127,307
861,0,0,307
862,0,0,307
863,0.4169381107491857,128,307
864,0.6221498371335505,191,307
865,0,0,307
866,0,0,307
867,0,0,307
868,0,0,307
869,0.8469055374592834,260,307
870,0,0,307
871,0,0,307
872,0,0,307
873,0,0,307
874,0,0,307
875,0,0,307
876,0,0,307
877,0,0,307
878,0,0,307
879,0,0,307
880,0,0,307
881,0.5244299674267101,161,307
882,0,0,307
883,0.5146579804560261,158,307
884,0.1563517915309446,48,307
885,0,0,307
886,0.048859934853420196,15,307
887,0,0,307
888,0.06840390879478828,21,307
889,0,0,307
890,0.003257328990228013,1,307
891,0.23778501628664495,73,307
892,0.755700325732899,232,307
893,0.06188925081433225,19,307
894,0.3322475570032573,102,307
895,0,0,307
896,0.11400651465798045,35,307
897,0,0,307
898,0,0,307
899,0,0,307
900,0,0,307
901,0,0,307
902,0,0,307
903,0,0,307
904,0.009771986970684038,3,307
905,0,0,307
906,0,0,307
907,0,0,307
908,0,0,307
909,0,0,307
910,0,0,307
911,0,0,307
912,0,0,307
913,0,0,307
914,0,0,307
915,0,0,307
916,0,0,307
917,0,0,307
918,0.34527687296416937,106,307
919,0,0,307
920,0.03257328990228013,10,307
921,0.8859934853420195,272,307
922,0,0,307
923,0,0,307
924,0,0,307
925,0,0,307
926,0,0,307
927,0,0,307
928,0,0,307
929,0,0,307
930,0,0,307
931,0,0,307
932,0,0,307
933,0,0,307
934,0,0,307
935,0,0,307
936,0,0,307
937,0,0,307
938,0,0,307
939,0,0,307
940,0,0,307
941,0,0,307
942,0,0,307
943,0,0,307
944,0,0,307
945,0,0,307
946,0.2931596091205212,90,307
947,0,0,307
948,0,0,307
949,0,0,307
950,0,0,307
951,0,0,307
952,0,0,307
953,0,0,307
954,0,0,307
955,0,0,307
956,0.14332247557003258,44,307
957,0,0,307
958,0,0,307
959,0,0,307
960,0,0,307
961,0,0,307
962,0,0,307
963,0,0,307
964,0,0,307
965,0,0,307
966,0,0,307
967,0,0,307
968,0,0,307
969,0,0,307
970,0,0,307
971,0.3941368078175896,121,307
972,0,0,307
973,0,0,307
974,0,0,307
975,0,0,307
976,0,0,307
977,0,0,307
978,0,0,307
979,0,0,307
980,0,0,307
981,0,0,307
982,0,0,307
983,0.10749185667752444,33,307
984,0,0,307
985,0,0,307
986,0,0,307
987,0,0,307
988,0,0,307
989,0,0,307
990,0,0,307
991,0,0,307
992,0.31596091205211724,97,307
993,0,0,307
994,0.16938110749185667,52,307
995,0,0,307
996,0,0,307
997,0,0,307
998,0.1498371335504886,46,307
999,0,0,307
1000,0,0,307
1001,0,0,307
1002,0,0,307
1003,0,0,307
1004,0,0,307
1005,0,0,307
1006,0,0,307
1007,0,0,307
1008,0.6579804560260586,202,307
1009,0,0,307
1010,0,0,307
1011,0,0,307
1012,0,0,307
1013,0,0,307
1014,0,0,307
1015,0,0,307
1016,0.019543973941368076,6,307
1017,0,0,307
1018,0,0,307
1019,0,0,307
1020,0.003257328990228013,1,307
1021,0.02280130293159609,7,307
1022,0,0,307
1023,0,0,307
1024,0,0,307
1025,0,0,307
1026,0,0,307
1027,0,0,307
1028,0,0,307
1029,0,0,307
1030,0,0,307
1031,0,0,307
1032,0.5667752442996743,174,307
1033,0,0,307
1034,0.003257328990228013,1,307
1035,0,0,307
1036,0,0,307
1037,0,0,307
1038,0,0,307
1039,0,0,307
1040,0,0,307
1041,0,0,307
1042,0,0,307
1043,0,0,307
1044,0,0,307
1045,0,0,307
1046,0.38436482084690554,118,307
1047,0.5863192182410424,180,307
1048,0,0,307
1049,0,0,307
1050,0,0,307
1051,0,0,307
1052,0,0,307
1053,0,0,307
1054,0.05863192182410423,18,307
1055,0,0,307
1056,0,0,307
1057,0,0,307
1058,0.02280130293159609,7,307
1059,0.5602605863192183,172,307
1060,0,0,307
1061,0.13029315960912052,40,307
1062,0.003257328990228013,1,307
1063,0,0,307
1064,0,0,307
1065,0.7003257328990228,215,307
1066,0.2964169381107492,91,307
1067,0.3583061889250814,110,307
1068,0.003257328990228013,1,307
1069,0,0,307
1070,0,0,307
1071,0,0,307
1072,0.254071661237785,78,307
1073,0,0,307
1074,0,0,307
1075,0,0,307
1076,0.24104234527687296,74,307
1077,0.13680781758957655,42,307
1078,0,0,307
1079,0.31596091205211724,97,307
1080,0,0,307
1081,0,0,307
1082,0,0,307
1083,0.5863192182410424,180,307
1084,0.9674267100977199,297,307
1085,0.019543973941368076,6,307
1086,0,0,307
1087,0,0,307
1088,0.752442996742671,231,307
1089,0,0,307
1090,0.9315960912052117,286,307
1091,0.7850162866449512,241,307
1092,0,0,307
1093,0.003257328990228013,1,307
1094,0,0,307
1095,0.511400651465798,157,307
1096,0.6254071661237784,192,307
1097,0,0,307
1098,0,0,307
1099,0,0,307
1100,0,0,307
1101,0,0,307
1102,0,0,307
1103,0,0,307
1104,0.34201954397394135,105,307
1105,0,0,307
1106,0.7817589576547231,240,307
1107,0.7003257328990228,215,307
1108,0,0,307
1109,0,0,307
1110,0.009771986970684038,3,307
1111,0.003257328990228013,1,307
1112,0.08143322475570032,25,307
1113,0,0,307
1114,0,0,307
1115,0.04560260586319218,14,307
1116,0,0,307
1117,0,0,307
1118,0.5830618892508144,179,307
1119,0,0,307
1120,0,0,307
1121,0,0,307
1122,0.24429967426710097,75,307
1123,0.3778501628664495,116,307
1124,0.06188925081433225,19,307
1125,0,0,307
1126,0,0,307
1127,0,0,307
1128,0,0,307
1129,0,0,307
1130,0,0,307
1131,0,0,307
1132,0,0,307
1133,0,0,307
1134,0,0,307
1135,0.03908794788273615,12,307
1136,0.006514657980456026,2,307
1137,0,0,307
1138,0,0,307
1139,0,0,307
1140,0.06188925081433225,19,307
1141,0.8990228013029316,276,307
1142,0,0,307
1143,0,0,307
1144,0,0,307
1145,0,0,307
1146,0,0,307
1147,0,0,307
1148,0,0,307
1149,0.31921824104234525,98,307
1150,0,0,307
1151,0,0,307
1152,0,0,307
1153,0,0,307
1154,0,0,307
1155,0,0,307
1156,0,0,307
1157,0,0,307
1158,0,0,307
1159,0,0,307
1160,0,0,307
1161,0,0,307
1162,0,0,307
1163,0,0,307
1164,0,0,307
1165,0,0,307
1166,0,0,307
1167,0,0,307
1168,0,0,307
1169,0,0,307
1170,0,0,307
1171,0,0,307
1172,0,0,307
1173,0,0,307
1174,0,0,307
1175,0,0,307
1176,0,0,307
1177,0,0,307
1178,0,0,307
1179,0,0,307
1180,0,0,307
1181,0,0,307
1182,0,0,307
1183,0,0,307
1184,0.9250814332247557,284,307
1185,0.02280130293159609,7,307
1186,0,0,307
1187,0,0,307
1188,0,0,307
1189,0.006514657980456026,2,307
1190,0,0,307
1191,0,0,307
1192,0,0,307
1193,0,0,307
1194,0.18566775244299674,57,307
1195,0,0,307
1196,0,0,307
1197,0,0,307
1198,0.09120521172638436,28,307
1199,0.5472312703583062,168,307
1200,0,0,307
1201,0.013029315960912053,4,307
1202,0.016286644951140065,5,307
1203,0.5472312703583062,168,307
1204,0,0,307
1205,0,0,307
1206,0,0,307
1207,0.8241042345276873,253,307
1208,0,0,307
1209,0,0,307
1210,0,0,307
1211,0,0,307
1212,0,0,307
1213,0.04234527687296417,13,307
1214,0,0,307
1215,0,0,307
1216,0,0,307
1217,0.2931596091205212,90,307
1218,0.25732899022801303,79,307
1219,0,0,307
1220,0,0,307
1221,0,0,307
1222,0,0,307
1223,0,0,307
1224,0,0,307
1225,0,0,307
1226,0,0,307
1227,0,0,307
1228,0,0,307
1229,0,0,307
1230,0,0,307
1231,0,0,307
1232,0,0,307
1233,0.3778501628664495,116,307
1234,0,0,307
1235,0,0,307
1236,0,0,307
1237,0,0,307
1238,0,0,307
1239,0,0,307
1240,0,0,307
1241,0,0,307
1242,0,0,307
1243,0.08794788273615635,27,307
1244,0,0,307
1245,0,0,307
1246,0,0,307
1247,0.03908794788273615,12,307
1248,0,0,307
1249,0,0,307
1250,0,0,307
1251,0,0,307
1252,0,0,307
1253,0,0,307
1254,0,0,307
1255,0,0,307
1256,0,0,307
1257,0,0,307
1258,0,0,307
1259,0,0,307
1260,0,0,307
1261,0.8403908794788274,258,307
1262,0,0,307
1263,0,0,307
1264,0,0,307
1265,0,0,307
1266,0.026058631921824105,8,307
1267,0,0,307
1268,0,0,307
1269,0.003257328990228013,1,307
1270,0,0,307
1271,0.06840390879478828,21,307
1272,0,0,307
1273,0,0,307
1274,0,0,307
1275,0,0,307
1276,0,0,307
1277,0,0,307
1278,0,0,307
1279,0.03257328990228013,10,307
1280,0,0,307
1281,0,0,307
1282,0,0,307
1283,0,0,307
1284,0,0,307
1285,0,0,307
1286,0,0,307
1287,0,0,307
1288,0.990228013029316,304,307
1289,0,0,307
1290,0,0,307
1291,0,0,307
1292,0,0,307
1293,0,0,307
1294,0,0,307
1295,0.8729641693811075,268,307
1296,0,0,307
1297,0,0,307
1298,0,0,307
1299,0,0,307
1300,0,0,307
1301,0,0,307
1302,0.009771986970684038,3,307
1303,0,0,307
1304,0,0,307
1305,0,0,307
1306,0,0,307
1307,0,0,307
1308,0.003257328990228013,1,307
1309,0.08469055374592833,26,307
1310,0,0,307
1311,0.7687296416938111,236,307
1312,0.6026058631921825,185,307
1313,0.5960912052117264,183,307
1314,0,0,307
1315,0,0,307
1316,0,0,307
1317,0.019543973941368076,6,307
1318,0,0,307
1319,0,0,307
1320,0,0,307
1321,0.36156351791530944,111,307
1322,0,0,307
1323,0,0,307
1324,0,0,307
1325,0.12052117263843648,37,307
1326,0.003257328990228013,1,307
1327,0,0,307
1328,0.10749185667752444,33,307
1329,0,0,307
1330,0,0,307
1331,0,0,307
1332,0.006514657980456026,2,307
1333,0,0,307
1334,0,0,307
1335,0,0,307
1336,0,0,307
1337,0,0,307
1338,0,0,307
1339,0.6254071661237784,192,307
1340,0,0,307
1341,0,0,307
1342,0,0,307
1343,0,0,307
1344,0,0,307
1345,0.5798045602605864,178,307
1346,0,0,307
1347,0,0,307
1348,0,0,307
1349,0,0,307
1350,0,0,307
1351,0,0,307
1352,0,0,307
1353,0,0,307
1354,0,0,307
1355,0,0,307
1356,0,0,307
1357,0,0,307
1358,0.18566775244299674,57,307
1359,0,0,307
1360,0,0,307
1361,0,0,307
1362,0,0,307
1363,0,0,307
1364,0,0,307
1365,0,0,307
1366,0,0,307
1367,0,0,307
1368,0,0,307
1369,0.4201954397394137,129,307
1370,0.7654723127035831,235,307
1371,0,0,307
1372,0,0,307
1373,0.003257328990228013,1,307
1374,0,0,307
1375,0.3127035830618892,96,307
1376,0,0,307
1377,0,0,307
1378,0,0,307
1379,0,0,307
1380,0,0,307
1381,0,0,307
1382,0,0,307
1383,0.46579804560260585,143,307
1384,0.006514657980456026,2,307
1385,0,0,307
1386,0,0,307
1387,0,0,307
1388,0.6840390879478827,210,307
1389,0.6384364820846905,196,307
1390,0.03257328990228013,10,307
1391,0.009771986970684038,3,307
1392,0.9739413680781759,299,307
1393,0,0,307
1394,0,0,307
1395,0,0,307
1396,0,0,307
1397,0,0,307
1398,0,0,307
1399,0,0,307
1400,0,0,307
1401,0,0,307
1402,0,0,307
1403,0,0,307
1404,0,0,307
1405,0,0,307
1406,0,0,307
1407,0,0,307
1408,0,0,307
1409,0,0,307
1410,0.006514657980456026,2,307
1411,0,0,307
1412,0,0,307
1413,0,0,307
1414,0,0,307
1415,0,0,307
1416,0,0,307
1417,0,0,307
1418,0,0,307
1419,0,0,307
1420,0,0,307
1421,0.006514657980456026,2,307
1422,0,0,307
1423,0,0,307
1424,0,0,307
1425,0,0,307
1426,0.5798045602605864,178,307
1427,0.03257328990228013,10,307
1428,0,0,307
1429,0,0,307
1430,0,0,307
1431,0,0,307
1432,0,0,307
1433,0,0,307
1434,0,0,307
1435,0.06840390879478828,21,307
1436,0,0,307
1437,0,0,307
1438,0,0,307
1439,0,0,307
1440,0,0,307
1441,0,0,307
1442,0,0,307
1443,0.013029315960912053,4,307
1444,0,0,307
1445,0,0,307
1446,0,0,307
1447,0,0,307
1448,0,0,307
1449,0,0,307
1450,0,0,307
1451,0,0,307
1452,0,0,307
1453,0,0,307
1454,0,0,307
1455,0,0,307
1456,0,0,307
1457,0,0,307
1458,0.13029315960912052,40,307
1459,0,0,307
1460,0,0,307
1461,0,0,307
1462,0.013029315960912053,4,307
1463,0,0,307
1464,0,0,307
1465,0.993485342019544,305,307
1466,0,0,307
1467,0,0,307
1468,0,0,307
1469,0.990228013029316,304,307
1470,0,0,307
1471,0,0,307
1472,0.02280130293159609,7,307
1473,0,0,307
1474,0,0,307
1475,0,0,307
1476,0,0,307
1477,0,0,307
1478,0,0,307
1479,0,0,307
1480,0.7654723127035831,235,307
1481,0,0,307
1482,0.09771986970684039,30,307
1483,0.003257328990228013,1,307
1484,0,0,307
1485,0,0,307
1486,0,0,307
1487,0.1758957654723127,54,307
1488,0.20195439739413681,62,307
1489,0,0,307
1490,0,0,307
1491,0,0,307
1492,0.19543973941368079,60,307
1493,0.029315960912052116,9,307
1494,0,0,307
1495,0,0,307
1496,0.003257328990228013,1,307
1497,0.9869706840390879,303,307
1498,0,0,307
1499,0,0,307
1500,0.24104234527687296,74,307
1501,0,0,307
1502,0,0,307
1503,0,0,307
1504,0,0,307
1505,0.05537459283387622,17,307
1506,0.9185667752442996,282,307
1507,0,0,307
1508,0,0,307
1509,0.03257328990228013,10,307
1510,0.23778501628664495,73,307
1511,0,0,307
1512,0,0,307
1513,0,0,307
1514,0,0,307
1515,0,0,307
1516,0,0,307
1517,0,0,307
1518,0,0,307
1519,0,0,307
1520,0,0,307
1521,0,0,307
1522,0,0,307
1523,0.1237785016286645,38,307
1524,0.996742671009772,306,307
1525,0,0,307
1526,0,0,307
1527,0.5798045602605864,178,307
1528,0.15309446254071662,47,307
1529,0,0,307
1530,0,0,307
1531,0,0,307
1532,0,0,307
1533,0,0,307
1534,0,0,307
1535,0,0,307
1536,0,0,307
1537,0,0,307
1538,0,0,307
1539,0,0,307
1540,0.9283387622149837,285,307
1541,0.7980456026058632,245,307
1542,0,0,307
1543,0,0,307
1544,0,0,307
1545,0.04234527687296417,13,307
1546,0,0,307
1547,0.762214983713355,234,307
1548,0,0,307
1549,0,0,307
1550,0,0,307
1551,0,0,307
1552,0.019543973941368076,6,307
1553,0,0,307
1554,0,0,307
1555,0,0,307
1556,0.006514657980456026,2,307
1557,0,0,307
1558,0,0,307
1559,0.12052117263843648,37,307
1560,0.03257328990228013,10,307
1561,0,0,307
1562,0,0,307
1563,0,0,307
1564,0,0,307
1565,0,0,307
1566,0,0,307
1567,0,0,307
1568,0,0,307
1569,0,0,307
1570,0,0,307
1571,0,0,307
1572,0,0,307
1573,0,0,307
1574,0.10749185667752444,33,307
1575,0,0,307
1576,0.9218241042345277,283,307
1577,0,0,307
1578,0,0,307
1579,0.4364820846905538,134,307
1580,0.7687296416938111,236,307
1581,0.9413680781758957,289,307
1582,0.4495114006514658,138,307
1583,0,0,307
1584,0,0,307
1585,1,307,307
1586,0,0,307
1587,0,0,307
1588,0,0,307
1589,0,0,307
1590,0,0,307
1591,0,0,307
1592,0,0,307
1593,0,0,307
1594,0,0,307
1595,0.1465798045602606,45,307
1596,0,0,307
1597,0,0,307
1598,0,0,307
1599,0.5407166123778502,166,307
1600,0.003257328990228013,1,307
1601,0,0,307
1602,0,0,307
1603,0,0,307
1604,0,0,307
1605,0,0,307
1606,0,0,307
1607,0,0,307
1608,0,0,307
1609,0,0,307
1610,0,0,307
1611,0,0,307
1612,0,0,307
1613,0,0,307
1614,0.5732899022801303,176,307
1615,0,0,307
1616,0,0,307
1617,0,0,307
1618,0,0,307
1619,0,0,307
1620,0,0,307
1621,0,0,307
1622,0.08143322475570032,25,307
1623,0,0,307
1624,0.9869706840390879,303,307
1625,0,0,307
1626,0,0,307
1627,0,0,307
1628,0.9609120521172638,295,307
1629,0,0,307
1630,0,0,307
1631,0,0,307
1632,0,0,307
1633,0.3941368078175896,121,307
1634,0.4234527687296417,130,307
1635,0,0,307
1636,0,0,307
1637,0,0,307
1638,0,0,307
1639,0,0,307
1640,0,0,307
1641,0,0,307
1642,0.04560260586319218,14,307
1643,0,0,307
1644,0.009771986970684038,3,307
1645,0,0,307
1646,0.9055374592833876,278,307
1647,0,0,307
1648,0,0,307
1649,0,0,307
1650,0,0,307
1651,0,0,307
1652,0.6351791530944625,195,307
1653,0,0,307
1654,0.003257328990228013,1,307
1655,0.22149837133550487,68,307
1656,0,0,307
1657,0,0,307
1658,0,0,307
1659,0,0,307
1660,0,0,307
1661,0,0,307
1662,0.4723127035830619,145,307
1663,0.504885993485342,155,307
1664,0.13680781758957655,42,307
1665,0,0,307
1666,0,0,307
1667,0,0,307
1668,0,0,307
1669,0,0,307
1670,0,0,307
1671,0,0,307
1672,0,0,307
1673,0,0,307
1674,0,0,307
1675,0,0,307
1676,0,0,307
1677,0.003257328990228013,1,307
1678,0.04560260586319218,14,307
1679,0.02280130293159609,7,307
1680,0,0,307
1681,0,0,307
1682,0,0,307
1683,0.9381107491856677,288,307
1684,0,0,307
1685,0,0,307
1686,0,0,307
1687,0,0,307
1688,0,0,307
1689,0.7654723127035831,235,307
1690,0.7817589576547231,240,307
1691,0,0,307
1692,0.016286644951140065,5,307
1693,0.7654723127035831,235,307
1694,0,0,307
1695,0.2931596091205212,90,307
1696,0,0,307
1697,0,0,307
1698,0,0,307
1699,0,0,307
1700,0,0,307
1701,0.43973941368078173,135,307
1702,0,0,307
1703,0,0,307
1704,0,0,307
1705,0,0,307
1706,0.5928338762214984,182,307
1707,0,0,307
1708,0,0,307
1709,0,0,307
1710,0,0,307
1711,0.6058631921824105,186,307
1712,0.3517915309446254,108,307
1713,0,0,307
1714,0.003257328990228013,1,307
1715,0,0,307
1716,0,0,307
1717,0.24104234527687296,74,307
1718,0.029315960912052116,9,307
1719,0.04560260586319218,14,307
1720,0.5863192182410424,180,307
1721,0,0,307
1722,0,0,307
1723,0,0,307
1724,0,0,307
1725,0,0,307
1726,0.026058631921824105,8,307
1727,0.019543973941368076,6,307
1728,0,0,307
1729,0,0,307
1730,0.3713355048859935,114,307
1731,0.019543973941368076,6,307
1732,0.003257328990228013,1,307
1733,0,0,307
1734,0.9609120521172638,295,307
1735,0.07166123778501629,22,307
1736,0,0,307
1737,0.1563517915309446,48,307
1738,0,0,307
1739,0,0,307
1740,0.11726384364820847,36,307
1741,0.003257328990228013,1,307
1742,0,0,307
1743,0,0,307
1744,0,0,307
1745,0,0,307
1746,0.23127035830618892,71,307
1747,0,0,307
1748,0.6058631921824105,186,307
1749,1,307,307
1750,0.003257328990228013,1,307
1751,0.16612377850162866,51,307
1752,0,0,307
1753,0,0,307
1754,0,0,307
1755,0,0,307
1756,0,0,307
1757,0,0,307
1758,0.34201954397394135,105,307
1759,0,0,307
1760,0,0,307
1761,0,0,307
1762,0,0,307
1763,0,0,307
1764,0,0,307
1765,0.9804560260586319,301,307
1766,0,0,307
1767,0,0,307
1768,0,0,307
1769,0,0,307
1770,0,0,307
1771,0,0,307
1772,0,0,307
1773,0,0,307
1774,0,0,307
1775,0,0,307
1776,0,0,307
1777,0,0,307
1778,0,0,307
1779,0.09446254071661238,29,307
1780,0.2996742671009772,92,307
1781,0.2768729641693811,85,307
1782,0.048859934853420196,15,307
1783,0.3127035830618892,96,307
1784,0,0,307
1785,0.006514657980456026,2,307
1786,0.6742671009771987,207,307
1787,0,0,307
1788,0,0,307
1789,0,0,307
1790,0,0,307
1791,0.9413680781758957,289,307
1792,0,0,307
1793,0,0,307
1794,0,0,307
1795,0.5960912052117264,183,307
1796,0,0,307
1797,0,0,307
1798,0,0,307
1799,0,0,307
1800,0.0781758957654723,24,307
1801,0.15309446254071662,47,307
1802,0.8859934853420195,272,307
1803,0,0,307
1804,0.3322475570032573,102,307
1805,0,0,307
1806,0,0,307
1807,0,0,307
1808,0,0,307
1809,0,0,307
1810,0,0,307
1811,0,0,307
1812,0.7068403908794788,217,307
1813,0,0,307
1814,0,0,307
1815,0.003257328990228013,1,307
1816,0.6579804560260586,202,307
1817,0.026058631921824105,8,307
1818,0,0,307
1819,0.003257328990228013,1,307
1820,0,0,307
1821,0,0,307
1822,0,0,307
1823,0,0,307
1824,0.08143322475570032,25,307
1825,0,0,307
1826,0,0,307
1827,0.003257328990228013,1,307
1828,0.013029315960912053,4,307
1829,0.1498371335504886,46,307
1830,0.30944625407166126,95,307
1831,0,0,307
1832,0,0,307
1833,0.1758957654723127,54,307
1834,0,0,307
1835,0,0,307
1836,0.6938110749185668,213,307
1837,0,0,307
1838,0.2964169381107492,91,307
1839,0,0,307
1840,0,0,307
1841,0,0,307
1842,0.8110749185667753,249,307
1843,0,0,307
1844,0.996742671009772,306,307
1845,0,0,307
1846,0.1986970684039088,61,307
1847,0,0,307
1848,0,0,307
1849,0,0,307
1850,0.6579804560260586,202,307
1851,0.006514657980456026,2,307
1852,0,0,307
1853,0.029315960912052116,9,307
1854,0.48859934853420195,150,307
1855,0,0,307
1856,0,0,307
1857,0,0,307
1858,0.5635179153094463,173,307
1859,0,0,307
1860,0,0,307
1861,0.5472312703583062,168,307
1862,0,0,307
1863,0,0,307
1864,0,0,307
1865,0,0,307
1866,0,0,307
1867,0,0,307
1868,0,0,307
1869,0,0,307
1870,0.003257328990228013,1,307
1871,0,0,307
1872,0,0,307
1873,0,0,307
1874,0,0,307
1875,0.003257328990228013,1,307
1876,0,0,307
1877,0,0,307
1878,0,0,307
1879,0,0,307
1880,0.247557003257329,76,307
1881,0.7882736156351792,242,307
1882,0.758957654723127,233,307
1883,0,0,307
1884,0,0,307
1885,0,0,307
1886,0,0,307
1887,0,0,307
1888,0.990228013029316,304,307
1889,0.10749185667752444,33,307
1890,0,0,307
1891,0.5993485342019544,184,307
1892,0,0,307
1893,0.009771986970684038,3,307
1894,0.6351791530944625,195,307
1895,0.05537459283387622,17,307
1896,0,0,307
1897,0,0,307
1898,0,0,307
1899,0.8762214983713354,269,307
1900,0,0,307
1901,0,0,307
1902,0,0,307
1903,0.28338762214983715,87,307
1904,0,0,307
1905,0.5993485342019544,184,307
1906,0,0,307
1907,0,0,307
1908,0.8273615635179153,254,307
1909,0.003257328990228013,1,307
1910,0,0,307
1911,0.009771986970684038,3,307
1912,0.9348534201954397,287,307
1913,0.016286644951140065,5,307
1914,0.26058631921824105,80,307
1915,0.8892508143322475,273,307
1916,0.04234527687296417,13,307
1917,0.003257328990228013,1,307
1918,0,0,307
1919,0,0,307
1920,0.02280130293159609,7,307
1921,0,0,307
1922,0,0,307
1923,0,0,307
1924,0,0,307
1925,0,0,307
1926,0.04234527687296417,13,307
1927,0,0,307
1928,0,0,307
1929,0,0,307
1930,0.39087947882736157,120,307
1931,0.7068403908794788,217,307
1932,0.003257328990228013,1,307
1933,0,0,307
1934,0,0,307
1935,0,0,307
1936,0,0,307
1937,0,0,307
1938,0,0,307
1939,0,0,307
1940,0.9511400651465798,292,307
1941,0,0,307
1942,0,0,307
1943,0.7785016286644951,239,307
1944,0.10423452768729642,32,307
1945,0,0,307
1946,0.48859934853420195,150,307
1947,0.2247557003257329,69,307
1948,0.20521172638436483,63,307
1949,0.003257328990228013,1,307
1950,0,0,307
1951,0,0,307
1952,0.003257328990228013,1,307
1953,0.04234527687296417,13,307
1954,0.7752442996742671,238,307
1955,0,0,307
1956,0,0,307
1957,0,0,307
1958,0.36807817589576547,113,307
1959,0,0,307
1960,0.07166123778501629,22,307
1961,0,0,307
1962,0,0,307
1963,0,0,307
1964,0,0,307
1965,0,0,307
1966,0,0,307
1967,0,0,307
1968,0,0,307
1969,0,0,307
1970,0,0,307
1971,0,0,307
1972,0,0,307
1973,0,0,307
1974,0,0,307
1975,0,0,307
1976,0,0,307
1977,0,0,307
1978,0,0,307
1979,0,0,307
1980,0.10423452768729642,32,307
1981,0.003257328990228013,1,307
1982,0,0,307
1983,0.9609120521172638,295,307
1984,0,0,307
1985,0,0,307
1986,0,0,307
1987,0.5602605863192183,172,307
1988,0.5895765472312704,181,307
1989,0,0,307
1990,0,0,307
1991,0,0,307
1992,0.003257328990228013,1,307
1993,0.3257328990228013,100,307
1994,0,0,307
1995,0.6872964169381107,211,307
1996,0,0,307
1997,0,0,307
1998,0,0,307
1999,0.4560260586319218,140,307
2000,0,0,307
2001,0,0,307
2002,0.9283387622149837,285,307
2003,0,0,307
2004,0,0,307
2005,0,0,307
2006,0,0,307
2007,0,0,307
2008,0,0,307
2009,0,0,307
2010,0,0,307
2011,0.03257328990228013,10,307
2012,0.016286644951140065,5,307
2013,0,0,307
2014,0,0,307
2015,0.08794788273615635,27,307
2016,0,0,307
2017,0,0,307
2018,0.9315960912052117,286,307
2019,0.4820846905537459,148,307
2020,0,0,307
2021,0,0,307
2022,0,0,307
2023,0,0,307
2024,0,0,307
2025,0,0,307
2026,0,0,307
2027,0,0,307
2028,0.46905537459283386,144,307
2029,0,0,307
2030,0.4495114006514658,138,307
2031,0,0,307
2032,0,0,307
2033,0,0,307
2034,0,0,307
2035,0,0,307
2036,0,0,307
2037,0.6579804560260586,202,307
2038,0.44625407166123776,137,307
2039,0,0,307
2040,0,0,307
2041,0.8013029315960912,246,307
2042,0.3811074918566775,117,307
2043,0,0,307
2044,0,0,307
2045,0,0,307
2046,0,0,307
2047,0,0,307
2048,0,0,307
2049,0,0,307
2050,0.3941368078175896,121,307
2051,0,0,307
2052,0,0,307
2053,0,0,307
2054,0.6612377850162866,203,307
2055,0,0,307
2056,0,0,307
2057,0,0,307
2058,0.6514657980456026,200,307
2059,0.13355048859934854,41,307
2060,0,0,307
2061,0.4364820846905538,134,307
2062,0,0,307
2063,0,0,307
2064,0,0,307
2065,0.9609120521172638,295,307
2066,0,0,307
2067,0,0,307
2068,0,0,307
2069,0.5537459283387622,170,307
2070,0.3127035830618892,96,307
2071,0,0,307
2072,0.006514657980456026,2,307
2073,0,0,307
2074,0,0,307
2075,0,0,307
2076,0,0,307
2077,0.8892508143322475,273,307
2078,0,0,307
2079,0,0,307
2080,0,0,307
2081,0.05863192182410423,18,307
2082,0,0,307
2083,0,0,307
2084,0,0,307
2085,0,0,307
2086,0,0,307
2087,0,0,307
2088,0.003257328990228013,1,307
2089,0,0,307
2090,0,0,307
2091,0,0,307
2092,0.7882736156351792,242,307
2093,0,0,307
2094,0.30618892508143325,94,307
2095,0,0,307
2096,0,0,307
2097,0,0,307
2098,0,0,307
2099,0,0,307
2100,0.9022801302931596,277,307
2101,0,0,307
2102,0,0,307
2103,0,0,307
2104,0.006514657980456026,2,307
2105,0,0,307
2106,0,0,307
2107,0,0,307
2108,0,0,307
2109,0,0,307
2110,0,0,307
2111,0,0,307
2112,0,0,307
2113,0,0,307
2114,0,0,307
2115,0,0,307
2116,0.05211726384364821,16,307
2117,0,0,307
2118,0,0,307
2119,0,0,307
2120,0,0,307
2121,0,0,307
2122,0.36807817589576547,113,307
2123,0,0,307
2124,0,0,307
2125,0.003257328990228013,1,307
2126,0,0,307
2127,0.9153094462540716,281,307
2128,0,0,307
2129,0.003257328990228013,1,307
2130,0,0,307
2131,0,0,307
2132,0,0,307
2133,0,0,307
2134,0,0,307
2135,0,0,307
2136,0,0,307
2137,0.003257328990228013,1,307
2138,0.20195439739413681,62,307
2139,0.013029315960912053,4,307
2140,0.009771986970684038,3,307
2141,0,0,307
2142,0,0,307
2143,0,0,307
2144,0,0,307
2145,0,0,307
2146,0,0,307
2147,0.7915309446254072,243,307
2148,0.05537459283387622,17,307
2149,0.06840390879478828,21,307
2150,0,0,307
2151,0,0,307
2152,0,0,307
2153,0.8664495114006515,266,307
2154,0.003257328990228013,1,307
2155,0,0,307
2156,0,0,307
2157,0.5960912052117264,183,307
2158,0,0,307
2159,0,0,307
2160,0,0,307
2161,0.28338762214983715,87,307
2162,0.15960912052117263,49,307
2163,0,0,307
2164,0,0,307
2165,0.016286644951140065,5,307
2166,0,0,307
2167,0,0,307
2168,0,0,307
2169,0,0,307
2170,0,0,307
2171,0.19543973941368079,60,307
2172,0,0,307
2173,0.016286644951140065,5,307
2174,0,0,307
2175,0.42996742671009774,132,307
2176,0,0,307
2177,0,0,307
2178,0,0,307
2179,0,0,307
2180,0.50814332247557,156,307
2181,0,0,307
2182,0.8403908794788274,258,307
2183,0.5407166123778502,166,307
2184,0.32247557003257327,99,307
2185,0,0,307
2186,0.003257328990228013,1,307
2187,0,0,307
2188,0.3583061889250814,110,307
2189,0.14332247557003258,44,307
2190,0,0,307
2191,0.30944625407166126,95,307
2192,0,0,307
2193,0,0,307
2194,0.013029315960912053,4,307
2195,0.006514657980456026,2,307
2196,0,0,307
2197,0.035830618892508145,11,307
2198,0,0,307
2199,0,0,307
2200,0.05863192182410423,18,307
2201,0.2703583061889251,83,307
2202,0,0,307
2203,0,0,307
2204,0.8827361563517915,271,307
2205,0,0,307
2206,0.016286644951140065,5,307
2207,0.4755700325732899,146,307
2208,0,0,307
2209,0,0,307
2210,0.05863192182410423,18,307
2211,0,0,307
2212,0.0749185667752443,23,307
2213,0,0,307
2214,0,0,307
2215,0,0,307
2216,0,0,307
2217,0,0,307
2218,0,0,307
2219,0,0,307
2220,0,0,307
2221,0,0,307
2222,0.1270358306188925,39,307
2223,0,0,307
2224,0.25732899022801303,79,307
2225,0,0,307
2226,0,0,307
2227,0.31596091205211724,97,307
2228,0,0,307
2229,0,0,307
2230,0,0,307
2231,0,0,307
2232,0,0,307
2233,0,0,307
2234,0,0,307
2235,0.742671009771987,228,307
2236,0,0,307
2237,0,0,307
2238,0,0,307
2239,0,0,307
2240,0,0,307
2241,0,0,307
2242,0,0,307
2243,0,0,307
2244,0,0,307
2245,0,0,307
2246,0.15960912052117263,49,307
2247,0,0,307
2248,0.30618892508143325,94,307
2249,0.08143322475570032,25,307
2250,0,0,307
2251,0.9837133550488599,302,307
2252,0,0,307
2253,0.006514657980456026,2,307
2254,0,0,307
2255,0,0,307
2256,0,0,307
2257,0,0,307
2258,0,0,307
2259,0,0,307
2260,0.1986970684039088,61,307
2261,0,0,307
2262,0,0,307
2263,0,0,307
2264,0.20521172638436483,63,307
2265,0,0,307
2266,0.41042345276872966,126,307
2267,0.019543973941368076,6,307
2268,0,0,307
2269,0,0,307
2270,0,0,307
2271,0,0,307
2272,0.4723127035830619,145,307
2273,0.23452768729641693,72,307
2274,0,0,307
2275,0,0,307
2276,0,0,307
2277,0.34527687296416937,106,307
2278,0,0,307
2279,0,0,307
2280,0,0,307
2281,0.6482084690553745,199,307
2282,0,0,307
2283,0,0,307
2284,0,0,307
2285,0,0,307
2286,0.2280130293159609,70,307
2287,0.15960912052117263,49,307
2288,0.009771986970684038,3,307
2289,0.08469055374592833,26,307
2290,0,0,307
2291,0,0,307
2292,0.8925081433224755,274,307
2293,0.504885993485342,155,307
2294,0,0,307
2295,0.3517915309446254,108,307
2296,0.28013029315960913,86,307
2297,0.8794788273615635,270,307
2298,0,0,307
2299,0.006514657980456026,2,307
2300,0,0,307
2301,0.029315960912052116,9,307
2302,0,0,307
2303,0.22149837133550487,68,307
2304,0.016286644951140065,5,307
2305,0,0,307
2306,0.048859934853420196,15,307
2307,0,0,307
2308,0,0,307
2309,0.019543973941368076,6,307
2310,0,0,307
2311,0,0,307
2312,0,0,307
2313,0,0,307
2314,0,0,307
2315,0,0,307
2316,0,0,307
2317,0,0,307
2318,0.2671009771986971,82,307
2319,0.36807817589576547,113,307
2320,0.993485342019544,305,307
2321,0,0,307
2322,0.9674267100977199,297,307
2323,0,0,307
2324,0.14332247557003258,44,307
2325,0,0,307
2326,0,0,307
2327,0,0,307
2328,0.23778501628664495,73,307
2329,0,0,307
2330,0.009771986970684038,3,307
2331,0.18241042345276873,56,307
2332,0.247557003257329,76,307
2333,0.006514657980456026,2,307
2334,0.9869706840390879,303,307
2335,0.18892508143322476,58,307
2336,0.11074918566775244,34,307
2337,0,0,307
2338,0,0,307
2339,0.003257328990228013,1,307
2340,0,0,307
2341,0.009771986970684038,3,307
2342,0.990228013029316,304,307
2343,0,0,307
2344,0,0,307
2345,0,0,307
2346,0,0,307
2347,0.0749185667752443,23,307
2348,0,0,307
2349,0,0,307
2350,0,0,307
2351,0.16612377850162866,51,307
2352,0,0,307
2353,0.10423452768729642,32,307
2354,0.006514657980456026,2,307
2355,0.4495114006514658,138,307
2356,0.09446254071661238,29,307
2357,0.1986970684039088,61,307
2358,0,0,307
2359,0.6579804560260586,202,307
2360,0.34527687296416937,106,307
2361,0.7785016286644951,239,307
2362,0,0,307
2363,0.009771986970684038,3,307
2364,0,0,307
2365,0.03908794788273615,12,307
2366,0,0,307
2367,0,0,307
2368,0,0,307
2369,0,0,307
2370,0,0,307
2371,0,0,307
2372,0.19218241042345277,59,307
2373,0,0,307
2374,0.9674267100977199,297,307
2375,0.28013029315960913,86,307
2376,0,0,307
2377,0,0,307
2378,0,0,307
2379,0.03257328990228013,10,307
2380,0.9609120521172638,295,307
2381,0.2247557003257329,69,307
2382,0.0781758957654723,24,307
2383,0,0,307
2384,0,0,307
2385,0,0,307
2386,0,0,307
2387,0,0,307
2388,0.02280130293159609,7,307
2389,0,0,307
2390,0.035830618892508145,11,307
2391,0,0,307
2392,0.6938110749185668,213,307
2393,0,0,307
2394,0,0,307
2395,0,0,307
2396,0,0,307
2397,0.003257328990228013,1,307
2398,0.9218241042345277,283,307
2399,0,0,307
2400,0,0,307
2401,0,0,307
2402,0.02280130293159609,7,307
2403,0,0,307
2404,0,0,307
2405,0,0,307
2406,0,0,307
2407,0,0,307
2408,0,0,307
2409,0.013029315960912053,4,307
2410,0,0,307
2411,0,0,307
2412,0.6449511400651465,198,307
2413,0.013029315960912053,4,307
2414,0.9087947882736156,279,307
2415,0.003257328990228013,1,307
2416,0,0,307
2417,0,0,307
2418,0.44299674267100975,136,307
2419,0.009771986970684038,3,307
2420,0,0,307
2421,0.2182410423452769,67,307
2422,0.019543973941368076,6,307
2423,0,0,307
2424,0,0,307
2425,0,0,307
2426,0.1465798045602606,45,307
2427,0,0,307
2428,0,0,307
2429,0,0,307
2430,0.048859934853420196,15,307
2431,0.20521172638436483,63,307
2432,0.003257328990228013,1,307
2433,0.03908794788273615,12,307
2434,0,0,307
2435,0,0,307
2436,0,0,307
2437,0.7687296416938111,236,307
2438,0,0,307
2439,0,0,307
2440,0.755700325732899,232,307
2441,0,0,307
2442,0.006514657980456026,2,307
2443,0.7231270358306189,222,307
2444,0.08794788273615635,27,307
2445,0.40390879478827363,124,307
2446,0,0,307
2447,0,0,307
2448,0,0,307
2449,0,0,307
2450,0,0,307
2451,0.9543973941368078,293,307
2452,0,0,307
2453,0,0,307
2454,0,0,307
2455,0.36807817589576547,113,307
2456,0,0,307
2457,0,0,307
2458,0,0,307
2459,0,0,307
2460,0.32247557003257327,99,307
2461,0,0,307
2462,0.6970684039087948,214,307
2463,0,0,307
2464,0.3355048859934853,103,307
2465,0,0,307
2466,0.5635179153094463,173,307
2467,0.6123778501628665,188,307
2468,0,0,307
2469,0.003257328990228013,1,307
2470,0,0,307
2471,0,0,307
2472,0.003257328990228013,1,307
2473,0.03908794788273615,12,307
2474,0,0,307
2475,0,0,307
2476,0,0,307
2477,0,0,307
2478,0.4364820846905538,134,307
2479,0.009771986970684038,3,307
2480,0,0,307
2481,0.21172638436482086,65,307
2482,0.32247557003257327,99,307
2483,0.34201954397394135,105,307
2484,0.46254071661237783,142,307
2485,0,0,307
2486,0,0,307
2487,0.04560260586319218,14,307
2488,0.016286644951140065,5,307
2489,0,0,307
2490,0,0,307
2491,0,0,307
2492,0,0,307
2493,0,0,307
2494,0.06840390879478828,21,307
2495,0.2703583061889251,83,307
2496,0,0,307
2497,0,0,307
2498,0,0,307
2499,0.05211726384364821,16,307
2500,0.3745928338762215,115,307
2501,0,0,307
2502,0.9511400651465798,292,307
2503,0.8892508143322475,273,307
2504,0,0,307
2505,0,0,307
2506,0.20521172638436483,63,307
2507,0.28664495114006516,88,307
2508,0,0,307
2509,0.9446254071661238,290,307
2510,0,0,307
2511,0,0,307
2512,0.8371335504885994,257,307
2513,0,0,307
2514,0,0,307
2515,0.6026058631921825,185,307
2516,0,0,307
2517,0.34201954397394135,105,307
2518,0,0,307
2519,0,0,307
2520,0.016286644951140065,5,307
2521,0,0,307
2522,0,0,307
2523,0,0,307
2524,0.9446254071661238,290,307
2525,0.013029315960912053,4,307
2526,0.30618892508143325,94,307
2527,0.003257328990228013,1,307
2528,0,0,307
2529,0,0,307
2530,0.9087947882736156,279,307
2531,0,0,307
2532,0,0,307
2533,0,0,307
2534,0,0,307
2535,0.742671009771987,228,307
2536,0,0,307
2537,0,0,307
2538,0,0,307
2539,0,0,307
2540,0.3941368078175896,121,307
2541,0.6612377850162866,203,307
2542,0,0,307
2543,0.1986970684039088,61,307
2544,0.42671009771986973,131,307
2545,0,0,307
2546,0,0,307
2547,0,0,307
2548,0.06514657980456026,20,307
2549,0,0,307
2550,0,0,307
2551,0,0,307
2552,0,0,307
2553,0.30944625407166126,95,307
2554,0,0,307
2555,0,0,307
2556,0,0,307
2557,0,0,307
2558,0,0,307
2559,0,0,307
2560,0,0,307
2561,0.3941368078175896,121,307
2562,0,0,307
2563,0.34201954397394135,105,307
2564,0,0,307
2565,0,0,307
2566,0,0,307
2567,0,0,307
2568,0,0,307
2569,0.19218241042345277,59,307
2570,0.3289902280130293,101,307
2571,0.9413680781758957,289,307
2572,0,0,307
2573,0,0,307
2574,0,0,307
2575,0.6905537459283387,212,307
2576,0,0,307
2577,0,0,307
2578,0,0,307
2579,0,0,307
2580,0.09446254071661238,29,307
2581,0.24429967426710097,75,307
2582,0,0,307
2583,0,0,307
2584,0.4364820846905538,134,307
2585,0.006514657980456026,2,307
2586,0,0,307
2587,0,0,307
2588,0.5895765472312704,181,307
2589,0,0,307
2590,0,0,307
2591,0.06514657980456026,20,307
2592,0,0,307
2593,0.003257328990228013,1,307
2594,0.04234527687296417,13,307
2595,0.006514657980456026,2,307
2596,0,0,307
2597,0.3289902280130293,101,307
2598,0.12052117263843648,37,307
2599,0,0,307
2600,0,0,307
2601,0,0,307
2602,0,0,307
2603,0,0,307
2604,0.009771986970684038,3,307
2605,0.06840390879478828,21,307
2606,0.21172638436482086,65,307
2607,0,0,307
2608,0.8143322475570033,250,307
2609,0.003257328990228013,1,307
2610,0,0,307
2611,0,0,307
2612,0,0,307
2613,0,0,307
2614,0.03257328990228013,10,307
2615,0,0,307
2616,0.006514657980456026,2,307
2617,0.013029315960912053,4,307
2618,0,0,307
2619,0,0,307
2620,0.003257328990228013,1,307
2621,0,0,307
2622,0.009771986970684038,3,307
2623,0.2899022801302932,89,307
2624,0,0,307
2625,0,0,307
2626,0.9804560260586319,301,307
2627,0,0,307
2628,0.035830618892508145,11,307
2629,0,0,307
2630,0.006514657980456026,2,307
2631,0,0,307
2632,0,0,307
2633,0.20521172638436483,63,307
2634,0,0,307
2635,0,0,307
2636,0.2703583061889251,83,307
2637,0.6091205211726385,187,307
2638,0.38762214983713356,119,307
2639,0,0,307
2640,0,0,307
2641,0,0,307
2642,0.029315960912052116,9,307
2643,0.09446254071661238,29,307
2644,0,0,307
2645,0,0,307
2646,0,0,307
2647,0.003257328990228013,1,307
2648,0,0,307
2649,0,0,307
2650,0,0,307
2651,0,0,307
2652,0.40390879478827363,124,307
2653,0.003257328990228013,1,307
2654,0,0,307
2655,0,0,307
2656,0,0,307
2657,0,0,307
2658,0.029315960912052116,9,307
2659,0,0,307
2660,0.6807817589576547,209,307
2661,0,0,307
2662,0.12052117263843648,37,307
2663,0,0,307
2664,0,0,307
2665,0,0,307
2666,0.8469055374592834,260,307
2667,0,0,307
2668,0,0,307
2669,0,0,307
2670,0,0,307
2671,0,0,307
2672,0,0,307
2673,0,0,307
2674,0,0,307
2675,0,0,307
2676,0.7752442996742671,238,307
2677,0.4788273615635179,147,307
2678,0,0,307
2679,0,0,307
2680,0,0,307
2681,0,0,307
2682,0,0,307
2683,0,0,307
2684,0.6221498371335505,191,307
2685,0,0,307
2686,0,0,307
2687,0,0,307
2688,0.44625407166123776,137,307
2689,0,0,307
2690,0,0,307
2691,0.41368078175895767,127,307
2692,0,0,307
2693,0,0,307
2694,0,0,307
2695,0.013029315960912053,4,307
2696,0,0,307
2697,0,0,307
2698,0,0,307
2699,0,0,307
2700,0,0,307
2701,0,0,307
2702,0.1758957654723127,54,307
2703,0.9641693811074918,296,307
2704,0,0,307
2705,0.4201954397394137,129,307
2706,0,0,307
2707,0.7687296416938111,236,307
2708,0.9739413680781759,299,307
2709,0.006514657980456026,2,307
2710,0.7947882736156352,244,307
2711,0.8762214983713354,269,307
2712,0.05863192182410423,18,307
2713,0,0,307
2714,0.8697068403908795,267,307
2715,0.9446254071661238,290,307
2716,0,0,307
2717,0,0,307
2718,0,0,307
2719,0.009771986970684038,3,307
2720,0,0,307
2721,0,0,307
2722,0.003257328990228013,1,307
2723,0,0,307
2724,0,0,307
2725,0,0,307
2726,0,0,307
2727,0,0,307
2728,0,0,307
2729,0,0,307
2730,0.003257328990228013,1,307
2731,0,0,307
2732,0,0,307
2733,0,0,307
2734,0.2736156351791531,84,307
2735,0,0,307
2736,0,0,307
2737,0.9446254071661238,290,307
2738,0,0,307
2739,0.9381107491856677,288,307
2740,0.7882736156351792,242,307
2741,0,0,307
2742,0,0,307
2743,0.006514657980456026,2,307
2744,0.006514657980456026,2,307
2745,0,0,307
2746,0,0,307
2747,0.003257328990228013,1,307
2748,0.5993485342019544,184,307
2749,0,0,307
2750,0,0,307
2751,0,0,307
2752,0.1758957654723127,54,307
2753,0.019543973941368076,6,307
2754,0,0,307
2755,0,0,307
2756,0,0,307
2757,0,0,307
2758,0,0,307
2759,0.4169381107491857,128,307
2760,0.04560260586319218,14,307
2761,0,0,307
2762,0,0,307
2763,0.1791530944625407,55,307
2764,0,0,307
2765,0,0,307
2766,0.02280130293159609,7,307
2767,0.10749185667752444,33,307
2768,0.03257328990228013,10,307
2769,0,0,307
2770,0,0,307
2771,0.28664495114006516,88,307
2772,0.6905537459283387,212,307
2773,0,0,307
2774,0,0,307
2775,0.12052117263843648,37,307
2776,0,0,307
2777,0,0,307
2778,0,0,307
2779,0.009771986970684038,3,307
2780,0,0,307
2781,0.009771986970684038,3,307
2782,0.06514657980456026,20,307
2783,0,0,307
2784,0.03257328990228013,10,307
2785,0,0,307
2786,0,0,307
2787,0,0,307
2788,0,0,307
2789,1,307,307
2790,0,0,307
2791,0,0,307
2792,0,0,307
2793,0,0,307
2794,0,0,307
2795,0.003257328990228013,1,307
2796,0.36156351791530944,111,307
2797,0,0,307
2798,0,0,307
2799,0.02280130293159609,7,307
2800,0.09446254071661238,29,307
2801,0.013029315960912053,4,307
2802,0.24429967426710097,75,307
2803,0.8534201954397395,262,307
2804,0,0,307
2805,0,0,307
2806,0.003257328990228013,1,307
2807,0.006514657980456026,2,307
2808,0,0,307
2809,0,0,307
2810,0.03908794788273615,12,307
2811,0.6156351791530945,189,307
2812,0,0,307
2813,0,0,307
2814,0.7263843648208469,223,307
2815,0,0,307
2816,0,0,307
2817,0,0,307
2818,0.03257328990228013,10,307
2819,0,0,307
2820,0,0,307
2821,0,0,307
2822,0,0,307
2823,0,0,307
2824,0,0,307
2825,0,0,307
2826,0,0,307
2827,0,0,307
2828,0.7980456026058632,245,307
2829,0.5635179153094463,173,307
2830,0,0,307
2831,0,0,307
2832,0,0,307
2833,0,0,307
2834,0.6221498371335505,191,307
2835,0,0,307
2836,0,0,307
2837,0.14332247557003258,44,307
2838,0.7785016286644951,239,307
2839,0,0,307
2840,0,0,307
2841,0.7361563517915309,226,307
2842,0.2996742671009772,92,307
2843,0.009771986970684038,3,307
2844,0.003257328990228013,1,307
2845,0,0,307
2846,0,0,307
2847,0,0,307
2848,0,0,307
2849,0,0,307
2850,0,0,307
2851,0.019543973941368076,6,307
2852,0.9250814332247557,284,307
2853,0.016286644951140065,5,307
2854,0.9478827361563518,291,307
2855,0,0,307
2856,0,0,307
2857,0,0,307
2858,0,0,307
2859,0.003257328990228013,1,307
2860,0,0,307
2861,0,0,307
2862,0.006514657980456026,2,307
2863,0.006514657980456026,2,307
2864,0,0,307
2865,0,0,307
2866,0.03257328990228013,10,307
2867,0.6644951140065146,204,307
2868,0.04234527687296417,13,307
2869,0,0,307
2870,0,0,307
2871,0,0,307
2872,0,0,307
2873,0,0,307
2874,0,0,307
2875,0,0,307
2876,0.09771986970684039,30,307
2877,0.8241042345276873,253,307
2878,0.8599348534201955,264,307
2879,0.003257328990228013,1,307
2880,0.6384364820846905,196,307
2881,0.19543973941368079,60,307
2882,0.7719869706840391,237,307
2883,0.3973941368078176,122,307
2884,0,0,307
2885,0,0,307
2886,0.20521172638436483,63,307
2887,0.006514657980456026,2,307
2888,0,0,307
2889,0,0,307
2890,0.03908794788273615,12,307
2891,0,0,307
2892,0.06840390879478828,21,307
2893,0.09771986970684039,30,307
2894,0.003257328990228013,1,307
2895,0.5244299674267101,161,307
2896,0.4560260586319218,140,307
2897,0,0,307
2898,0,0,307
2899,0,0,307
2900,0.11074918566775244,34,307
2901,0,0,307
2902,0.1563517915309446,48,307
2903,0,0,307
2904,0.026058631921824105,8,307
2905,0,0,307
2906,0,0,307
2907,0,0,307
2908,0.21498371335504887,66,307
2909,0,0,307
2910,0.0749185667752443,23,307
2911,0.23778501628664495,73,307
2912,0.05537459283387622,17,307
2913,0.40390879478827363,124,307
2914,0,0,307
2915,0,0,307
2916,0.3485342019543974,107,307
2917,0,0,307
2918,0.003257328990228013,1,307
2919,0,0,307
2920,0.11726384364820847,36,307
2921,0,0,307
2922,0,0,307
2923,0,0,307
2924,0,0,307
2925,0,0,307
2926,0.019543973941368076,6,307
2927,0,0,307
2928,0,0,307
2929,0.2280130293159609,70,307
2930,0,0,307
2931,0.34527687296416937,106,307
2932,0,0,307
2933,0,0,307
2934,0,0,307
2935,0,0,307
2936,0,0,307
2937,0,0,307
2938,0,0,307
2939,0,0,307
2940,0,0,307
2941,0,0,307
2942,0,0,307
2943,0,0,307
2944,0.09446254071661238,29,307
2945,0,0,307
2946,0.003257328990228013,1,307
2947,0.009771986970684038,3,307
2948,0,0,307
2949,0,0,307
2950,0,0,307
2951,0,0,307
2952,0.009771986970684038,3,307
2953,0,0,307
2954,0.08143322475570032,25,307
2955,0.003257328990228013,1,307
2956,0,0,307
2957,0.48859934853420195,150,307
2958,0,0,307
2959,0,0,307
2960,0,0,307
2961,0.0749185667752443,23,307
2962,0,0,307
2963,0,0,307
2964,0,0,307
2965,0.9413680781758957,289,307
2966,0,0,307
2967,0,0,307
2968,0,0,307
2969,0,0,307
2970,0,0,307
2971,0.6319218241042345,194,307
2972,0.7915309446254072,243,307
2973,0,0,307
2974,0,0,307
2975,0,0,307
2976,0,0,307
2977,0,0,307
2978,0,0,307
2979,0,0,307
2980,0,0,307
2981,0,0,307
2982,0.749185667752443,230,307
2983,0,0,307
2984,0,0,307
2985,0,0,307
2986,0,0,307
2987,0,0,307
2988,0,0,307
2989,0,0,307
2990,0,0,307
2991,0,0,307
2992,0,0,307
2993,0.3485342019543974,107,307
2994,0.749185667752443,230,307
2995,0,0,307
2996,0,0,307
2997,0,0,307
2998,0,0,307
2999,0.23452768729641693,72,307
3000,0,0,307
3001,0,0,307
3002,0,0,307
3003,0,0,307
3004,0,0,307
3005,0.006514657980456026,2,307
3006,0.013029315960912053,4,307
3007,0.18892508143322476,58,307
3008,0,0,307
3009,0,0,307
3010,0,0,307
3011,0.05211726384364821,16,307
3012,0,0,307
3013,0,0,307
3014,0.013029315960912053,4,307
3015,0.6188925081433225,190,307
3016,0.035830618892508145,11,307
3017,0,0,307
3018,0,0,307
3019,0,0,307
3020,0,0,307
3021,0.2996742671009772,92,307
3022,0,0,307
3023,0,0,307
3024,0,0,307
3025,0,0,307
3026,0,0,307
3027,0.003257328990228013,1,307
3028,0,0,307
3029,0.019543973941368076,6,307
3030,0.28013029315960913,86,307
3031,0,0,307
3032,0.08143322475570032,25,307
3033,0,0,307
3034,0,0,307
3035,0.003257328990228013,1,307
3036,0,0,307
3037,0,0,307
3038,0,0,307
3039,0,0,307
3040,0,0,307
3041,0.3583061889250814,110,307
3042,0,0,307
3043,0,0,307
3044,0,0,307
3045,0,0,307
3046,0,0,307
3047,0,0,307
3048,0,0,307
3049,0,0,307
3050,0,0,307
3051,0,0,307
3052,0,0,307
3053,0,0,307
3054,0,0,307
3055,0.08469055374592833,26,307
3056,0,0,307
3057,0.03257328990228013,10,307
3058,0,0,307
3059,0,0,307
3060,0,0,307
3061,0,0,307
3062,0,0,307
3063,0,0,307
3064,0,0,307
3065,0,0,307
3066,0.9315960912052117,286,307
3067,0,0,307
3068,0,0,307
3069,0.07166123778501629,22,307
3070,0,0,307
3071,0,0,307
3072,0,0,307
3073,0,0,307
3074,0,0,307
3075,0,0,307
3076,0,0,307
3077,0,0,307
3078,0.029315960912052116,9,307
3079,0,0,307
3080,0,0,307
3081,0,0,307
3082,0,0,307
3083,0,0,307
3084,0,0,307
3085,0,0,307
3086,0,0,307
3087,0,0,307
3088,0,0,307
3089,0.6384364820846905,196,307
3090,0,0,307
3091,0,0,307
3092,0,0,307
3093,0,0,307
3094,0.02280130293159609,7,307
3095,0,0,307
3096,0,0,307
3097,0,0,307
3098,0,0,307
3099,0.9218241042345277,283,307
3100,0.0781758957654723,24,307
3101,0,0,307
3102,0.13355048859934854,41,307
3103,0.029315960912052116,9,307
3104,0.1791530944625407,55,307
3105,0.4006514657980456,123,307
3106,0,0,307
3107,0.019543973941368076,6,307
3108,0,0,307
3109,0,0,307
3110,0,0,307
3111,0,0,307
3112,0,0,307
3113,0,0,307
3114,0,0,307
3115,0.019543973941368076,6,307
3116,0.2703583061889251,83,307
3117,0,0,307
3118,0.10749185667752444,33,307
3119,0,0,307
3120,0,0,307
3121,0.003257328990228013,1,307
3122,0,0,307
3123,0,0,307
3124,0,0,307
3125,0,0,307
3126,0,0,307
3127,0,0,307
3128,0,0,307
3129,0,0,307
3130,0,0,307
3131,0.15960912052117263,49,307
3132,0,0,307
3133,0,0,307
3134,0,0,307
3135,0.006514657980456026,2,307
3136,0,0,307
3137,0.003257328990228013,1,307
3138,0.09771986970684039,30,307
3139,0.8110749185667753,249,307
3140,0,0,307
3141,0,0,307
3142,0,0,307
3143,0,0,307
3144,0.003257328990228013,1,307
3145,0.17263843648208468,53,307
3146,0,0,307
3147,0,0,307
3148,0,0,307
3149,0,0,307
3150,0,0,307
3151,0,0,307
3152,0,0,307
3153,0,0,307
3154,0,0,307
3155,0.19218241042345277,59,307
3156,0,0,307
3157,0,0,307
3158,0,0,307
3159,0,0,307
3160,0,0,307
3161,0.3322475570032573,102,307
3162,0,0,307
3163,0.026058631921824105,8,307
3164,0.8599348534201955,264,307
3165,0,0,307
3166,0,0,307
3167,0,0,307
3168,0,0,307
3169,0.02280130293159609,7,307
3170,0,0,307
3171,0,0,307
3172,0,0,307
3173,0.8729641693811075,268,307
3174,0,0,307
3175,0,0,307
3176,0,0,307
3177,0,0,307
3178,0,0,307
3179,0,0,307
3180,0,0,307
3181,0,0,307
3182,0,0,307
3183,0.7361563517915309,226,307
3184,0,0,307
3185,0,0,307
3186,0,0,307
3187,0,0,307
3188,0.6547231270358306,201,307
3189,0,0,307
3190,0,0,307
3191,0,0,307
3192,0,0,307
3193,0,0,307
3194,0,0,307
3195,0,0,307
3196,0,0,307
3197,0,0,307
3198,0,0,307
3199,0,0,307
3200,0,0,307
3201,0,0,307
3202,0,0,307
3203,0,0,307
3204,0,0,307
3205,0,0,307
3206,0,0,307
3207,0,0,307
3208,0,0,307
3209,0,0,307
3210,0,0,307
3211,0.003257328990228013,1,307
3212,0.7882736156351792,242,307
3213,0.05537459283387622,17,307
3214,0.2899022801302932,89,307
3215,0.06840390879478828,21,307
3216,0.06188925081433225,19,307
3217,0.9609120521172638,295,307
3218,0.006514657980456026,2,307
3219,0.6872964169381107,211,307
3220,0.8013029315960912,246,307
3221,0.13029315960912052,40,307
3222,0.009771986970684038,3,307
3223,0.10423452768729642,32,307
3224,0.7068403908794788,217,307
3225,0.009771986970684038,3,307
3226,0.09446254071661238,29,307
3227,0.003257328990228013,1,307
3228,0.3127035830618892,96,307
3229,0.501628664495114,154,307
3230,0.035830618892508145,11,307
3231,0.17263843648208468,53,307
3232,0.6872964169381107,211,307
3233,0,0,307
3234,0,0,307
3235,0.029315960912052116,9,307
3236,0.24429967426710097,75,307
3237,0,0,307
3238,0.009771986970684038,3,307
3239,0,0,307
3240,0,0,307
3241,0.026058631921824105,8,307
3242,0,0,307
3243,0,0,307
3244,0,0,307
3245,0,0,307
3246,0,0,307
3247,0,0,307
3248,0,0,307
3249,0.006514657980456026,2,307
3250,0,0,307
3251,0,0,307
3252,0,0,307
3253,0,0,307
3254,0,0,307
3255,0,0,307
3256,0,0,307
3257,0,0,307
3258,0,0,307
3259,0,0,307
3260,0,0,307
3261,0.003257328990228013,1,307
3262,0,0,307
3263,0,0,307
3264,0,0,307
3265,0,0,307
3266,0,0,307
3267,0,0,307
3268,0,0,307
3269,0,0,307
3270,0,0,307
3271,0,0,307
3272,0,0,307
3273,0,0,307
3274,0,0,307
3275,0,0,307
3276,0.006514657980456026,2,307
3277,0.0781758957654723,24,307
3278,0.05863192182410423,18,307
3279,0,0,307
3280,0,0,307
3281,0,0,307
3282,0.029315960912052116,9,307
3283,0.2996742671009772,92,307
3284,0,0,307
3285,0,0,307
3286,0,0,307
3287,0,0,307
3288,0,0,307
3289,0,0,307
3290,0,0,307
3291,0,0,307
3292,0,0,307
3293,0,0,307
3294,0,0,307
3295,0,0,307
3296,0.9022801302931596,277,307
3297,0,0,307
3298,0,0,307
3299,0,0,307
3300,0,0,307
3301,0,0,307
3302,0,0,307
3303,0,0,307
3304,0,0,307
3305,0.006514657980456026,2,307
3306,0,0,307
3307,0.10423452768729642,32,307
3308,0,0,307
3309,0.04560260586319218,14,307
3310,0.1465798045602606,45,307
3311,0.34201954397394135,105,307
3312,0.05211726384364821,16,307
3313,0,0,307
3314,0.08469055374592833,26,307
3315,0.6612377850162866,203,307
3316,0,0,307
3317,0,0,307
3318,0.006514657980456026,2,307
3319,0,0,307
3320,0.006514657980456026,2,307
3321,0,0,307
3322,0.009771986970684038,3,307
3323,0,0,307
3324,0,0,307
3325,0,0,307
3326,0.003257328990228013,1,307
3327,0,0,307
3328,0,0,307
3329,0,0,307
3330,0,0,307
3331,0,0,307
3332,0.006514657980456026,2,307
3333,0,0,307
3334,0,0,307
3335,0.10423452768729642,32,307
3336,0.003257328990228013,1,307
3337,0.9674267100977199,297,307
3338,0,0,307
3339,0.11074918566775244,34,307
3340,0,0,307
3341,0,0,307
3342,0,0,307
3343,0,0,307
3344,0,0,307
3345,0,0,307
3346,0,0,307
3347,0.02280130293159609,7,307
3348,0,0,307
3349,0,0,307
3350,0.019543973941368076,6,307
3351,0.06514657980456026,20,307
3352,0,0,307
3353,0,0,307
3354,0,0,307
3355,0,0,307
3356,0,0,307
3357,0,0,307
3358,0,0,307
3359,0,0,307
3360,0,0,307
3361,0,0,307
3362,0,0,307
3363,0.5635179153094463,173,307
3364,0,0,307
3365,0,0,307
3366,0,0,307
3367,0,0,307
3368,0,0,307
3369,0.03908794788273615,12,307
3370,0,0,307
3371,0,0,307
3372,0.006514657980456026,2,307
3373,0,0,307
3374,0.003257328990228013,1,307
3375,0.003257328990228013,1,307
3376,0,0,307
3377,0,0,307
3378,0,0,307
3379,0,0,307
3380,0,0,307
3381,0,0,307
3382,0.003257328990228013,1,307
3383,0,0,307
3384,0,0,307
3385,0,0,307
3386,0,0,307
3387,0,0,307
3388,0,0,307
3389,0,0,307
3390,0,0,307
3391,0,0,307
3392,0,0,307
3393,0,0,307
3394,0,0,307
3395,0,0,307
3396,0,0,307
3397,0.0749185667752443,23,307
3398,0,0,307
3399,0,0,307
3400,0,0,307
3401,0,0,307
3402,0,0,307
3403,0.11400651465798045,35,307
3404,0,0,307
3405,0,0,307
3406,0,0,307
3407,0,0,307
3408,0,0,307
3409,0,0,307
3410,0,0,307
3411,0,0,307
3412,0,0,307
3413,0,0,307
3414,0,0,307
3415,0,0,307
3416,0,0,307
3417,0,0,307
3418,0,0,307
3419,0,0,307
3420,0,0,307
3421,0,0,307
3422,0,0,307
3423,0,0,307
3424,0,0,307
3425,0,0,307
3426,0,0,307
3427,0,0,307
3428,0,0,307
3429,0,0,307
3430,0,0,307
3431,0,0,307
3432,0,0,307
3433,0.23778501628664495,73,307
3434,0.5602605863192183,172,307
3435,0,0,307
3436,0.05537459283387622,17,307
3437,0,0,307
3438,0.05211726384364821,16,307
3439,0.1758957654723127,54,307
3440,0.40390879478827363,124,307
3441,0.18241042345276873,56,307
3442,0.6775244299674267,208,307
3443,0,0,307
3444,0.06188925081433225,19,307
3445,0.029315960912052116,9,307
3446,0,0,307
3447,0,0,307
3448,0.03908794788273615,12,307
3449,0,0,307
3450,0,0,307
3451,0.1758957654723127,54,307
3452,0,0,307
3453,0,0,307
3454,0.7003257328990228,215,307
3455,0.1270358306188925,39,307
3456,0.9413680781758957,289,307
3457,0,0,307
3458,0.1791530944625407,55,307
3459,0.003257328990228013,1,307
3460,0.19543973941368079,60,307
3461,0.03257328990228013,10,307
3462,0,0,307
3463,0,0,307
3464,0,0,307
3465,0,0,307
3466,0,0,307
3467,0,0,307
3468,0,0,307
3469,0.254071661237785,78,307
3470,0,0,307
3471,0,0,307
3472,0,0,307
3473,0,0,307
3474,0,0,307
3475,0,0,307
3476,0,0,307
3477,0,0,307
3478,0,0,307
3479,0,0,307
3480,0,0,307
3481,0,0,307
3482,0.026058631921824105,8,307
3483,0,0,307
3484,0,0,307
3485,0,0,307
3486,0,0,307
3487,0,0,307
3488,0,0,307
3489,0,0,307
3490,0,0,307
3491,0,0,307
3492,0,0,307
3493,0,0,307
3494,0,0,307
3495,0.38762214983713356,119,307
3496,0,0,307
3497,0,0,307
3498,0,0,307
3499,0,0,307
3500,0,0,307
3501,0,0,307
3502,0,0,307
3503,0.013029315960912053,4,307
3504,0,0,307
3505,0,0,307
3506,0,0,307
3507,0,0,307
3508,0,0,307
3509,0.016286644951140065,5,307
3510,0,0,307
3511,0.013029315960912053,4,307
3512,0,0,307
3513,0,0,307
3514,0.02280130293159609,7,307
3515,0.7752442996742671,238,307
3516,0.13680781758957655,42,307
3517,0,0,307
3518,0,0,307
3519,0,0,307
3520,0,0,307
3521,0,0,307
3522,0,0,307
3523,0.11400651465798045,35,307
3524,0.5504885993485342,169,307
3525,0.9771986970684039,300,307
3526,1,307,307
3527,1,307,307
3528,0.993485342019544,305,307
3529,0,0,307
3530,0,0,307
3531,0.5928338762214984,182,307
3532,0.990228013029316,304,307
3533,0,0,307
3534,0,0,307
3535,0.8599348534201955,264,307
3536,0.013029315960912053,4,307
3537,0.4788273615635179,147,307
3538,0.4234527687296417,130,307
3539,0.14006514657980457,43,307
3540,0.06840390879478828,21,307
3541,0.02280130293159609,7,307
3542,0.6254071661237784,192,307
3543,0.5309446254071661,163,307
3544,0,0,307
3545,0,0,307
3546,0,0,307
3547,0.20195439739413681,62,307
3548,0,0,307
3549,0,0,307
3550,0,0,307
3551,0.0781758957654723,24,307
3552,0.009771986970684038,3,307
3553,0,0,307
3554,0,0,307
3555,0.03257328990228013,10,307
3556,0.8045602605863192,247,307
3557,0.9185667752442996,282,307
3558,0.8892508143322475,273,307
3559,0.9413680781758957,289,307
3560,0.7915309446254072,243,307
3561,0,0,307
3562,0,0,307
3563,0.3745928338762215,115,307
3564,0,0,307
3565,0.009771986970684038,3,307
3566,0,0,307
3567,0.42996742671009774,132,307
3568,0,0,307
3569,0,0,307
3570,0,0,307
3571,0,0,307
3572,0,0,307
3573,0.009771986970684038,3,307
3574,0,0,307
3575,0,0,307
3576,0,0,307
3577,0,0,307
3578,0,0,307
3579,0,0,307
3580,0,0,307
3581,0,0,307
3582,0,0,307
3583,0,0,307
3584,0,0,307
3585,0,0,307
3586,0,0,307
3587,0,0,307
3588,0,0,307
3589,0,0,307
3590,0,0,307
3591,0,0,307
3592,0,0,307
3593,0,0,307
3594,0,0,307
3595,0,0,307
3596,0,0,307
3597,0,0,307
3598,0.5928338762214984,182,307
3599,0,0,307
3600,0,0,307
3601,0,0,307
3602,0,0,307
3603,0,0,307
3604,0,0,307
3605,0,0,307
3606,0,0,307
3607,0,0,307
3608,0,0,307
3609,0,0,307
3610,0,0,307
3611,0,0,307
3612,0,0,307
3613,0,0,307
3614,0.6579804560260586,202,307
3615,0,0,307
3616,0,0,307
3617,0,0,307
3618,0.05863192182410423,18,307
3619,0,0,307
3620,0,0,307
3621,0.7361563517915309,226,307
3622,0.5700325732899023,175,307
3623,0,0,307
3624,0.9706840390879479,298,307
3625,0,0,307
3626,0,0,307
3627,0.14006514657980457,43,307
3628,0.026058631921824105,8,307
3629,0,0,307
3630,0.504885993485342,155,307
3631,0,0,307
3632,0,0,307
3633,0.50814332247557,156,307
3634,0.9641693811074918,296,307
3635,0.36482084690553745,112,307
3636,0.5928338762214984,182,307
3637,0.755700325732899,232,307
3638,0,0,307
3639,0,0,307
3640,0,0,307
3641,0,0,307
3642,0,0,307
3643,0.048859934853420196,15,307
3644,0,0,307
3645,0.019543973941368076,6,307
3646,0,0,307
3647,0.7785016286644951,239,307
3648,0.749185667752443,230,307
3649,0.36482084690553745,112,307
3650,0.739413680781759,227,307
3651,0.09771986970684039,30,307
3652,0.7263843648208469,223,307
3653,0.5798045602605864,178,307
3654,0,0,307
3655,0,0,307
3656,0,0,307
3657,0,0,307
3658,0,0,307
3659,0.006514657980456026,2,307
3660,0,0,307
3661,0,0,307
3662,0,0,307
3663,0.006514657980456026,2,307
3664,0,0,307
3665,0,0,307
3666,0.501628664495114,154,307
3667,0,0,307
3668,0,0,307
3669,0,0,307
3670,0,0,307
3671,0,0,307
3672,0,0,307
3673,0,0,307
3674,0,0,307
3675,0,0,307
3676,0,0,307
3677,0,0,307
3678,0,0,307
3679,0,0,307
3680,0,0,307
3681,0.11074918566775244,34,307
3682,0,0,307
3683,0,0,307
3684,0,0,307
3685,0,0,307
3686,0,0,307
3687,0,0,307
3688,0,0,307
3689,0,0,307
3690,0,0,307
3691,0.02280130293159609,7,307
3692,0.019543973941368076,6,307
3693,0,0,307
3694,0.03908794788273615,12,307
3695,0.7687296416938111,236,307
3696,0,0,307
3697,0,0,307
3698,0,0,307
3699,0.016286644951140065,5,307
3700,0,0,307
3701,0,0,307
3702,0,0,307
3703,0,0,307
3704,0,0,307
3705,0,0,307
3706,0,0,307
3707,0,0,307
3708,0,0,307
3709,0,0,307
3710,0,0,307
3711,0,0,307
3712,0,0,307
3713,0,0,307
3714,0,0,307
3715,0,0,307
3716,0,0,307
3717,0,0,307
3718,0,0,307
3719,0,0,307
3720,0.11726384364820847,36,307
3721,0,0,307
3722,0,0,307
3723,0,0,307
3724,0,0,307
3725,0,0,307
3726,0.006514657980456026,2,307
3727,0.09771986970684039,30,307
3728,0,0,307
3729,0,0,307
3730,0.1791530944625407,55,307
3731,0.4592833876221498,141,307
3732,0.02280130293159609,7,307
3733,0.006514657980456026,2,307
3734,0.08143322475570032,25,307
3735,0.003257328990228013,1,307
3736,0.016286644951140065,5,307
3737,0.5928338762214984,182,307
3738,0.019543973941368076,6,307
3739,0.23452768729641693,72,307
3740,0.003257328990228013,1,307
3741,0.05537459283387622,17,307
3742,0.08143322475570032,25,307
3743,0.3322475570032573,102,307
3744,0,0,307
3745,0.006514657980456026,2,307
3746,0.8208469055374593,252,307
3747,0.006514657980456026,2,307
3748,0.5244299674267101,161,307
3749,0,0,307
3750,0.13029315960912052,40,307
3751,0,0,307
3752,0,0,307
3753,0,0,307
3754,0,0,307
3755,0,0,307
3756,0,0,307
3757,0,0,307
3758,0,0,307
3759,0,0,307
3760,0,0,307
3761,0,0,307
3762,0,0,307
3763,0,0,307
3764,0.06514657980456026,20,307
3765,0.03257328990228013,10,307
3766,0,0,307
3767,0,0,307
3768,0,0,307
3769,0,0,307
3770,0,0,307
3771,0,0,307
3772,0,0,307
3773,0,0,307
3774,0,0,307
3775,0,0,307
3776,0.7035830618892508,216,307
3777,0.6026058631921825,185,307
3778,0,0,307
3779,0.5179153094462541,159,307
3780,0,0,307
3781,0,0,307
3782,0.18566775244299674,57,307
3783,0,0,307
3784,0,0,307
3785,0,0,307
3786,0,0,307
3787,0,0,307
3788,0,0,307
3789,0,0,307
3790,0,0,307
3791,0,0,307
3792,0,0,307
3793,0,0,307
3794,0.019543973941368076,6,307
3795,0,0,307
3796,0,0,307
3797,0,0,307
3798,0,0,307
3799,0,0,307
3800,0,0,307
3801,0,0,307
3802,0,0,307
3803,0,0,307
3804,0,0,307
3805,0.006514657980456026,2,307
3806,0,0,307
3807,0,0,307
3808,0.029315960912052116,9,307
3809,0,0,307
3810,0,0,307
3811,0,0,307
3812,0,0,307
3813,0.9120521172638436,280,307
3814,0.2899022801302932,89,307
3815,0.34527687296416937,106,307
3816,0.6123778501628665,188,307
3817,0,0,307
3818,0,0,307
3819,0.16938110749185667,52,307
3820,0,0,307
3821,0,0,307
3822,0,0,307
3823,0,0,307
3824,0,0,307
3825,0,0,307
3826,0.03908794788273615,12,307
3827,0.009771986970684038,3,307
3828,0.48859934853420195,150,307
3829,0.003257328990228013,1,307
3830,0,0,307
3831,0,0,307
3832,0.06188925081433225,19,307
3833,0,0,307
3834,0,0,307
3835,0.9511400651465798,292,307
3836,0.21172638436482086,65,307
3837,0.13355048859934854,41,307
3838,0,0,307
3839,0.20521172638436483,63,307
3840,0.749185667752443,230,307
3841,0,0,307
3842,0.7850162866449512,241,307
3843,0.10423452768729642,32,307
3844,0,0,307
3845,0,0,307
3846,0,0,307
3847,0,0,307
3848,0,0,307
3849,0.495114006514658,152,307
3850,0,0,307
3851,0,0,307
3852,0.03257328990228013,10,307
3853,0.009771986970684038,3,307
3854,0,0,307
3855,0.013029315960912053,4,307
3856,0.31921824104234525,98,307
3857,0,0,307
3858,0,0,307
3859,0.15309446254071662,47,307
3860,0.003257328990228013,1,307
3861,0,0,307
3862,0.03908794788273615,12,307
3863,0,0,307
3864,0.6970684039087948,214,307
3865,0.762214983713355,234,307
3866,0,0,307
3867,0,0,307
3868,0.12052117263843648,37,307
3869,0.755700325732899,232,307
3870,0,0,307
3871,0,0,307
3872,0.5439739413680782,167,307
3873,0.15309446254071662,47,307
3874,0.009771986970684038,3,307
3875,0.04234527687296417,13,307
3876,0.30293159609120524,93,307
3877,0.30293159609120524,93,307
3878,0.23127035830618892,71,307
3879,0,0,307
3880,0.1563517915309446,48,307
3881,0,0,307
3882,0.250814332247557,77,307
3883,0.016286644951140065,5,307
3884,0,0,307
3885,0,0,307
3886,0,0,307
3887,0,0,307
3888,0,0,307
3889,0,0,307
3890,0,0,307
3891,0,0,307
3892,0,0,307
3893,0,0,307
3894,0,0,307
3895,0,0,307
3896,0,0,307
3897,0,0,307
3898,0,0,307
3899,0,0,307
3900,0,0,307
3901,0.5504885993485342,169,307
3902,0.31596091205211724,97,307
3903,0,0,307
3904,0,0,307
3905,0,0,307
3906,0,0,307
3907,0,0,307
3908,0.5146579804560261,158,307
3909,0,0,307
3910,0,0,307
3911,0,0,307
3912,0,0,307
3913,0,0,307
3914,0.41368078175895767,127,307
3915,0,0,307
3916,0,0,307
3917,0,0,307
3918,0.26384364820846906,81,307
3919,0.6514657980456026,200,307
3920,0.9543973941368078,293,307
3921,0.30618892508143325,94,307
3922,0,0,307
3923,0,0,307
3924,0,0,307
3925,0,0,307
3926,0,0,307
3927,0,0,307
3928,0,0,307
3929,0,0,307
3930,0,0,307
3931,0,0,307
3932,0,0,307
3933,0.006514657980456026,2,307
3934,0.9283387622149837,285,307
3935,0,0,307
3936,0.7003257328990228,215,307
3937,0,0,307
3938,0,0,307
3939,0,0,307
3940,0,0,307
3941,0,0,307
3942,0,0,307
3943,0,0,307
3944,0,0,307
3945,0,0,307
3946,0.05211726384364821,16,307
3947,0,0,307
3948,0,0,307
3949,0.49185667752442996,151,307
3950,0,0,307
3951,0,0,307
3952,0,0,307
3953,0,0,307
3954,0,0,307
3955,0.9609120521172638,295,307
3956,0,0,307
3957,0.2182410423452769,67,307
3958,0,0,307
3959,0,0,307
3960,0.006514657980456026,2,307
3961,0.7947882736156352,244,307
3962,0.3811074918566775,117,307
3963,0.013029315960912053,4,307
3964,0.006514657980456026,2,307
3965,0.254071661237785,78,307
3966,0,0,307
3967,0,0,307
3968,0,0,307
3969,0,0,307
3970,0,0,307
3971,0.029315960912052116,9,307
3972,0,0,307
3973,0,0,307
3974,0,0,307
3975,0,0,307
3976,0.029315960912052116,9,307
3977,0,0,307
3978,0,0,307
3979,0,0,307
3980,0,0,307
3981,0,0,307
3982,0,0,307
3983,0,0,307
3984,0,0,307
3985,0,0,307
3986,0,0,307
3987,0,0,307
3988,0,0,307
3989,0,0,307
3990,0.7133550488599348,219,307
3991,0,0,307
3992,0,0,307
3993,0,0,307
3994,0,0,307
3995,0.019543973941368076,6,307
3996,0.2931596091205212,90,307
3997,0,0,307
3998,0,0,307
3999,0,0,307
4000,0.003257328990228013,1,307
4001,0.003257328990228013,1,307
4002,0.003257328990228013,1,307
4003,0,0,307
4004,0.013029315960912053,4,307
4005,0.04560260586319218,14,307
4006,0.003257328990228013,1,307
4007,0,0,307
4008,0.16612377850162866,51,307
4009,0.33876221498371334,104,307
4010,0,0,307
4011,0.02280130293159609,7,307
4012,0.02280130293159609,7,307
4013,0.5798045602605864,178,307
4014,0.5863192182410424,180,307
4015,0,0,307
4016,0,0,307
4017,0,0,307
4018,0,0,307
4019,0,0,307
4020,0.009771986970684038,3,307
4021,0,0,307
4022,0,0,307
4023,0,0,307
4024,0,0,307
4025,0,0,307
4026,0,0,307
4027,0,0,307
4028,0,0,307
4029,0,0,307
4030,0,0,307
4031,0.003257328990228013,1,307
4032,0,0,307
4033,0,0,307
4034,0,0,307
4035,0,0,307
4036,0,0,307
4037,0,0,307
4038,0.05211726384364821,16,307
4039,0,0,307
4040,0.2931596091205212,90,307
4041,0,0,307
4042,0,0,307
4043,0.5570032573289903,171,307
4044,0.016286644951140065,5,307
4045,0.016286644951140065,5,307
4046,0,0,307
4047,0.006514657980456026,2,307
4048,0.009771986970684038,3,307
4049,0,0,307
4050,0.04234527687296417,13,307
4051,0.14006514657980457,43,307
4052,0.05211726384364821,16,307
4053,0,0,307
4054,0,0,307
4055,0,0,307
4056,0,0,307
4057,0.035830618892508145,11,307
4058,0,0,307
4059,0,0,307
4060,0,0,307
4061,0,0,307
4062,0,0,307
4063,0,0,307
4064,0,0,307
4065,0,0,307
4066,0,0,307
4067,0.04234527687296417,13,307
4068,0.016286644951140065,5,307
4069,0,0,307
4070,0,0,307
4071,0,0,307
4072,0.04234527687296417,13,307
4073,0,0,307
4074,0,0,307
4075,0.0781758957654723,24,307
4076,0,0,307
4077,0,0,307
4078,0,0,307
4079,0,0,307
4080,0,0,307
4081,0,0,307
4082,0,0,307
4083,0,0,307
4084,0,0,307
4085,0,0,307
4086,0,0,307
4087,0,0,307
4088,0,0,307
4089,0.009771986970684038,3,307
4090,0,0,307
4091,0,0,307
4092,0,0,307
4093,0,0,307
4094,0,0,307
4095,0,0,307
4096,0,0,307
4097,0,0,307
4098,0,0,307
4099,0,0,307
4100,0,0,307
4101,0,0,307
4102,0,0,307
4103,0,0,307
4104,0,0,307
4105,0,0,307
4106,0,0,307
4107,0,0,307
4108,0,0,307
4109,0,0,307
4110,0,0,307
4111,0,0,307
4112,0,0,307
4113,0,0,307
4114,0,0,307
4115,0,0,307
4116,0,0,307
4117,0.009771986970684038,3,307
4118,0,0,307
4119,0,0,307
4120,0,0,307
4121,0,0,307
4122,0,0,307
4123,0.003257328990228013,1,307
4124,0,0,307
4125,0.016286644951140065,5,307
4126,0,0,307
4127,0,0,307
4128,0,0,307
4129,0,0,307
4130,0,0,307
4131,0,0,307
4132,0,0,307
4133,0,0,307
4134,0,0,307
4135,0,0,307
4136,0,0,307
4137,0,0,307
4138,0,0,307
4139,0,0,307
4140,0.4527687296416938,139,307
4141,0,0,307
4142,0.009771986970684038,3,307
4143,0,0,307
4144,0,0,307
4145,0,0,307
4146,0,0,307
4147,0.8078175895765473,248,307
4148,0,0,307
4149,0,0,307
4150,0,0,307
4151,0.20846905537459284,64,307
4152,0,0,307
4153,0.1465798045602606,45,307
4154,0.19543973941368079,60,307
4155,0.12052117263843648,37,307
4156,0,0,307
4157,0.4234527687296417,130,307
4158,0.23778501628664495,73,307
4159,0,0,307
4160,0.254071661237785,78,307
4161,0.254071661237785,78,307
4162,0,0,307
4163,0.03908794788273615,12,307
4164,0,0,307
4165,0,0,307
4166,0,0,307
4167,0,0,307
4168,0,0,307
4169,0.03257328990228013,10,307
4170,0.2931596091205212,90,307
4171,0.5374592833876222,165,307
4172,0,0,307
4173,0.8566775244299675,263,307
4174,0.3322475570032573,102,307
4175,0,0,307
4176,0,0,307
4177,0,0,307
4178,0.035830618892508145,11,307
4179,0,0,307
4180,0.2247557003257329,69,307
4181,0.003257328990228013,1,307
4182,0,0,307
4183,0.08143322475570032,25,307
4184,0,0,307
4185,0.2736156351791531,84,307
4186,0,0,307
4187,0.003257328990228013,1,307
4188,0,0,307
4189,0,0,307
4190,0,0,307
4191,0,0,307
4192,0.3289902280130293,101,307
4193,0,0,307
4194,0,0,307
4195,0,0,307
4196,0,0,307
4197,0,0,307
4198,0,0,307
4199,0,0,307
4200,0,0,307
4201,0.6710097719869706,206,307
4202,0,0,307
4203,0.003257328990228013,1,307
4204,0,0,307
4205,0,0,307
4206,0.11400651465798045,35,307
4207,0,0,307
4208,0.029315960912052116,9,307
4209,0.003257328990228013,1,307
4210,0,0,307
4211,0,0,307
4212,0,0,307
4213,0,0,307
4214,0.07166123778501629,22,307
4215,0,0,307
4216,0,0,307
4217,0,0,307
4218,0,0,307
4219,0.8697068403908795,267,307
4220,0,0,307
4221,0,0,307
4222,0,0,307
4223,0.4560260586319218,140,307
4224,0,0,307
4225,0,0,307
4226,0,0,307
4227,0,0,307
4228,0,0,307
4229,0,0,307
4230,0,0,307
4231,0.13029315960912052,40,307
4232,0,0,307
4233,0,0,307
4234,0,0,307
4235,0.03908794788273615,12,307
4236,0.16286644951140064,50,307
4237,0.2899022801302932,89,307
4238,0.8925081433224755,274,307
4239,0,0,307
4240,0,0,307
4241,0,0,307
4242,0.016286644951140065,5,307
4243,0,0,307
4244,0,0,307
4245,0.7263843648208469,223,307
4246,0.6872964169381107,211,307
4247,0.1237785016286645,38,307
4248,0,0,307
4249,0,0,307
4250,0,0,307
4251,0,0,307
4252,0.006514657980456026,2,307
4253,0.8436482084690554,259,307
4254,0,0,307
4255,0,0,307
4256,0,0,307
4257,0,0,307
4258,0.42671009771986973,131,307
4259,0,0,307
4260,0,0,307
4261,0,0,307
4262,0,0,307
4263,0.7133550488599348,219,307
4264,0,0,307
4265,0.02280130293159609,7,307
4266,0,0,307
4267,0,0,307
4268,0,0,307
4269,0,0,307
4270,0.9446254071661238,290,307
4271,0,0,307
4272,0,0,307
4273,0.25732899022801303,79,307
4274,0,0,307
4275,0.7752442996742671,238,307
4276,0.8371335504885994,257,307
4277,0.6123778501628665,188,307
4278,0.003257328990228013,1,307
4279,0.06514657980456026,20,307
4280,0.10423452768729642,32,307
4281,0,0,307
4282,0.9348534201954397,287,307
4283,0.5179153094462541,159,307
4284,0.4234527687296417,130,307
4285,0.6188925081433225,190,307
4286,0.03257328990228013,10,307
4287,0,0,307
4288,0,0,307
4289,0.17263843648208468,53,307
4290,0,0,307
4291,0,0,307
4292,0,0,307
4293,0.3550488599348534,109,307
4294,0.40390879478827363,124,307
4295,0.19218241042345277,59,307
4296,0,0,307
4297,0,0,307
4298,0,0,307
4299,0,0,307
4300,0,0,307
4301,0,0,307
4302,0,0,307
4303,0,0,307
4304,0,0,307
4305,0.44625407166123776,137,307
4306,0,0,307
4307,0.31596091205211724,97,307
4308,0,0,307
4309,0,0,307
4310,0.9153094462540716,281,307
4311,0.8208469055374593,252,307
4312,0.996742671009772,306,307
4313,0,0,307
4314,0.3485342019543974,107,307
4315,0,0,307
4316,0.2996742671009772,92,307
4317,0.9739413680781759,299,307
4318,1,307,307
4319,0.8501628664495114,261,307
4320,0.9576547231270358,294,307
4321,0.2703583061889251,83,307
4322,0.4560260586319218,140,307
4323,0,0,307
4324,0,0,307
4325,0,0,307
4326,0,0,307
4327,0,0,307
4328,0,0,307
4329,0,0,307
4330,0,0,307
4331,0,0,307
4332,0,0,307
4333,0.9869706840390879,303,307
4334,0,0,307
4335,0,0,307
4336,0,0,307
4337,0,0,307
4338,0,0,307
4339,0,0,307
4340,0,0,307
4341,0,0,307
4342,0,0,307
4343,0.5863192182410424,180,307
4344,0.6872964169381107,211,307
4345,0.02280130293159609,7,307
4346,0.10749185667752444,33,307
4347,0,0,307
4348,0.18566775244299674,57,307
4349,0.1465798045602606,45,307
4350,0.003257328990228013,1,307
4351,0,0,307
4352,0.9543973941368078,293,307
4353,0.749185667752443,230,307
4354,0.33876221498371334,104,307
4355,0,0,307
4356,0,0,307
4357,0,0,307
4358,0,0,307
4359,0,0,307
4360,0,0,307
4361,0.4201954397394137,129,307
4362,0.9837133550488599,302,307
4363,0,0,307
4364,0.41368078175895767,127,307
4365,0.36156351791530944,111,307
4366,0.6970684039087948,214,307
4367,0.4755700325732899,146,307
4368,0.4169381107491857,128,307
4369,0.9022801302931596,277,307
4370,0.990228013029316,304,307
4371,1,307,307
4372,0.9869706840390879,303,307
4373,0.8338762214983714,256,307
4374,0.9869706840390879,303,307
4375,0.9837133550488599,302,307
4376,0.9674267100977199,297,307
4377,0.9153094462540716,281,307
4378,0.1270358306188925,39,307
4379,0.6221498371335505,191,307
4380,0.752442996742671,231,307
4381,0,0,307
4382,0.003257328990228013,1,307
4383,0,0,307
4384,0.016286644951140065,5,307
4385,0.003257328990228013,1,307
4386,0,0,307
4387,0,0,307
4388,0,0,307
4389,0,0,307
4390,0,0,307
4391,0,0,307
4392,0,0,307
4393,0,0,307
4394,0,0,307
4395,0,0,307
4396,0,0,307
4397,0,0,307
4398,0,0,307
4399,0,0,307
4400,0.029315960912052116,9,307
4401,0,0,307
4402,0,0,307
4403,0.20521172638436483,63,307
4404,0,0,307
4405,0,0,307
4406,0,0,307
4407,0,0,307
4408,0,0,307
4409,0.03908794788273615,12,307
4410,0,0,307
4411,0,0,307
4412,0,0,307
4413,0,0,307
4414,0.7882736156351792,242,307
4415,0.7328990228013029,225,307
4416,0.7100977198697068,218,307
4417,0,0,307
4418,0,0,307
4419,0,0,307
4420,0,0,307
4421,0,0,307
4422,0.02280130293159609,7,307
4423,0,0,307
4424,0.40716612377850164,125,307
4425,0,0,307
4426,0,0,307
4427,0,0,307
4428,0,0,307
4429,0.9413680781758957,289,307
4430,0,0,307
4431,0,0,307
4432,0,0,307
4433,0,0,307
4434,0,0,307
4435,0,0,307
4436,0,0,307
4437,0,0,307
4438,0,0,307
4439,0,0,307
4440,0.03257328990228013,10,307
4441,0.8208469055374593,252,307
4442,0,0,307
4443,0,0,307
4444,0,0,307
4445,0,0,307
4446,0,0,307
4447,0,0,307
4448,0,0,307
4449,0,0,307
4450,0,0,307
4451,0,0,307
4452,0,0,307
4453,0,0,307
4454,0,0,307
4455,0,0,307
4456,0.016286644951140065,5,307
4457,0,0,307
4458,0,0,307
4459,0,0,307
4460,0,0,307
4461,0,0,307
4462,0,0,307
4463,0,0,307
4464,0.28338762214983715,87,307
4465,0,0,307
4466,0,0,307
4467,0.2671009771986971,82,307
4468,0.26058631921824105,80,307
4469,0,0,307
4470,0,0,307
4471,0,0,307
4472,0,0,307
4473,0.02280130293159609,7,307
4474,0,0,307
4475,0,0,307
4476,0,0,307
4477,0,0,307
4478,0,0,307
4479,0.006514657980456026,2,307
4480,0.013029315960912053,4,307
4481,0.016286644951140065,5,307
4482,0,0,307
4483,0.05863192182410423,18,307
4484,0,0,307
4485,0.009771986970684038,3,307
4486,0,0,307
4487,0,0,307
4488,0.003257328990228013,1,307
4489,0,0,307
4490,0,0,307
4491,0,0,307
4492,0.1270358306188925,39,307
4493,0,0,307
4494,0.498371335504886,153,307
4495,0,0,307
4496,0.11074918566775244,34,307
4497,0,0,307
4498,0,0,307
4499,0.9511400651465798,292,307
4500,0.08794788273615635,27,307
4501,0,0,307
4502,0,0,307
4503,0,0,307
4504,0,0,307
4505,0.4201954397394137,129,307
4506,0,0,307
4507,0.247557003257329,76,307
4508,0.09120521172638436,28,307
4509,0.4527687296416938,139,307
4510,0.9609120521172638,295,307
4511,0,0,307
4512,0.04560260586319218,14,307
4513,0.3257328990228013,100,307
4514,0.19218241042345277,59,307
4515,0.9348534201954397,287,307
4516,0.40390879478827363,124,307
4517,0.6123778501628665,188,307
4518,0.9674267100977199,297,307
4519,0,0,307
4520,0,0,307
4521,0,0,307
4522,0,0,307
4523,0,0,307
4524,0,0,307
4525,0,0,307
4526,0,0,307
4527,0,0,307
4528,0,0,307
4529,0,0,307
4530,0,0,307
4531,0,0,307
4532,0,0,307
4533,0,0,307
4534,0,0,307
4535,0,0,307
4536,0.46579804560260585,143,307
4537,0,0,307
4538,0,0,307
4539,0,0,307
4540,0,0,307
4541,0,0,307
4542,0.9348534201954397,287,307
4543,0.990228013029316,304,307
4544,0,0,307
4545,0.8697068403908795,267,307
4546,0.006514657980456026,2,307
4547,0.9153094462540716,281,307
4548,0.9837133550488599,302,307
4549,0.013029315960912053,4,307
4550,0.04560260586319218,14,307
4551,0.11074918566775244,34,307
4552,0.1791530944625407,55,307
4553,0,0,307
4554,0,0,307
4555,0.016286644951140065,5,307
4556,0.06840390879478828,21,307
4557,0.03908794788273615,12,307
4558,0,0,307
4559,0.019543973941368076,6,307
4560,0,0,307
4561,0.003257328990228013,1,307
4562,0.048859934853420196,15,307
4563,0.6026058631921825,185,307
4564,0.3941368078175896,121,307
4565,0.6677524429967426,205,307
4566,0.7687296416938111,236,307
4567,0.026058631921824105,8,307
4568,0.5211726384364821,160,307
4569,0.8241042345276873,253,307
4570,0.05537459283387622,17,307
4571,0.7100977198697068,218,307
4572,0.009771986970684038,3,307
4573,0.016286644951140065,5,307
4574,0.003257328990228013,1,307
4575,0.20846905537459284,64,307
4576,0,0,307
4577,0,0,307
4578,0,0,307
4579,0,0,307
4580,0.048859934853420196,15,307
4581,0,0,307
4582,0.36807817589576547,113,307
4583,0.3322475570032573,102,307
4584,0.013029315960912053,4,307
4585,0.2768729641693811,85,307
4586,0,0,307
4587,0.05537459283387622,17,307
4588,0.3811074918566775,117,307
4589,0,0,307
4590,0.006514657980456026,2,307
4591,0.18566775244299674,57,307
4592,0.16286644951140064,50,307
4593,0.501628664495114,154,307
4594,0.019543973941368076,6,307
4595,0.5993485342019544,184,307
4596,0,0,307
4597,0,0,307
4598,0.03908794788273615,12,307
4599,0.0749185667752443,23,307
4600,0,0,307
4601,0.38762214983713356,119,307
4602,0.003257328990228013,1,307
4603,0.03257328990228013,10,307
4604,0,0,307
4605,0,0,307
4606,0.003257328990228013,1,307
4607,0.02280130293159609,7,307
4608,0,0,307
4609,0,0,307
4610,0,0,307
4611,0,0,307
4612,0,0,307
4613,0,0,307
4614,0,0,307
4615,0,0,307
4616,0,0,307
4617,0.990228013029316,304,307
4618,0.9837133550488599,302,307
4619,0,0,307
4620,0,0,307
4621,0,0,307
4622,0,0,307
4623,0.13680781758957655,42,307
4624,0,0,307
4625,0,0,307
4626,0,0,307
4627,0.20195439739413681,62,307
4628,0,0,307
4629,0,0,307
4630,0,0,307
4631,0.3517915309446254,108,307
4632,0,0,307
4633,0,0,307
4634,0,0,307
4635,0,0,307
4636,0,0,307
4637,0,0,307
4638,0.026058631921824105,8,307
4639,0.993485342019544,305,307
4640,0.755700325732899,232,307
4641,0,0,307
4642,0,0,307
4643,0,0,307
4644,0,0,307
4645,0,0,307
4646,0,0,307
4647,0,0,307
4648,0,0,307
4649,0,0,307
4650,0,0,307
4651,0,0,307
4652,0.990228013029316,304,307
4653,1,307,307
4654,1,307,307
4655,1,307,307
4656,0,0,307
4657,0,0,307
4658,0.5765472312703583,177,307
4659,0.08143322475570032,25,307
4660,0,0,307
4661,0,0,307
4662,0.03908794788273615,12,307
4663,0,0,307
4664,0,0,307
4665,0,0,307
4666,0,0,307
4667,0,0,307
4668,0,0,307
4669,0,0,307
4670,0,0,307
4671,0.8664495114006515,266,307
4672,0.21172638436482086,65,307
4673,0,0,307
4674,0,0,307
4675,0.06840390879478828,21,307
4676,0.07166123778501629,22,307
4677,0,0,307
4678,0,0,307
4679,0,0,307
4680,0,0,307
4681,0,0,307
4682,0.006514657980456026,2,307
4683,0.8729641693811075,268,307
4684,0,0,307
4685,0,0,307
4686,0,0,307
4687,0,0,307
4688,0.7654723127035831,235,307
4689,0.5146579804560261,158,307
4690,0,0,307
4691,0,0,307
4692,0,0,307
4693,0,0,307
4694,0.26058631921824105,80,307
4695,0.06188925081433225,19,307
4696,0.13680781758957655,42,307
4697,0,0,307
4698,0.9837133550488599,302,307
4699,0,0,307
4700,0.003257328990228013,1,307
4701,0,0,307
4702,0,0,307
4703,0,0,307
4704,0,0,307
4705,0.013029315960912053,4,307
4706,0,0,307
4707,0,0,307
4708,0,0,307
4709,0,0,307
4710,0,0,307
4711,0,0,307
4712,0,0,307
4713,0,0,307
4714,0.38436482084690554,118,307
4715,0.003257328990228013,1,307
4716,0,0,307
4717,0,0,307
4718,0,0,307
4719,0,0,307
4720,0,0,307
4721,0,0,307
4722,0,0,307
4723,0,0,307
4724,0.31921824104234525,98,307
4725,0,0,307
4726,0,0,307
4727,0,0,307
4728,0,0,307
4729,0,0,307
4730,0,0,307
4731,0.6254071661237784,192,307
4732,0,0,307
4733,0,0,307
4734,0,0,307
4735,0,0,307
4736,0,0,307
4737,0.03908794788273615,12,307
4738,0,0,307
4739,0,0,307
4740,0.34201954397394135,105,307
4741,0,0,307
4742,0,0,307
4743,0,0,307
4744,0,0,307
4745,0.013029315960912053,4,307
4746,0,0,307
4747,0,0,307
4748,0,0,307
4749,0,0,307
4750,0,0,307
4751,0,0,307
4752,0,0,307
4753,0,0,307
4754,0.016286644951140065,5,307
4755,0,0,307
4756,0,0,307
4757,0,0,307
4758,0,0,307
4759,0,0,307
4760,0,0,307
4761,0,0,307
4762,0,0,307
4763,0,0,307
4764,0,0,307
4765,0,0,307
4766,0.1237785016286645,38,307
4767,0,0,307
4768,0,0,307
4769,0,0,307
4770,0,0,307
4771,0,0,307
4772,0,0,307
4773,0.9804560260586319,301,307
4774,0,0,307
4775,0,0,307
4776,0.2182410423452769,67,307
4777,0,0,307
4778,0,0,307
4779,0,0,307
4780,0.6905537459283387,212,307
4781,0,0,307
4782,0,0,307
4783,0,0,307
4784,0.8110749185667753,249,307
4785,0,0,307
4786,0,0,307
4787,0,0,307
4788,0,0,307
4789,0,0,307
4790,0,0,307
4791,0,0,307
4792,0,0,307
4793,0,0,307
4794,0,0,307
4795,0.9087947882736156,279,307
4796,0,0,307
4797,0,0,307
4798,0,0,307
4799,0,0,307
4800,0,0,307
4801,0,0,307
4802,0.6091205211726385,187,307
4803,0.9218241042345277,283,307
4804,0.9446254071661238,290,307
4805,0.9446254071661238,290,307
4806,0.7719869706840391,237,307
4807,0.9315960912052117,286,307
4808,0.9837133550488599,302,307
4809,0.990228013029316,304,307
4810,0.9609120521172638,295,307
4811,1,307,307
4812,0.8827361563517915,271,307
4813,0.9576547231270358,294,307
4814,1,307,307
4815,0.993485342019544,305,307
4816,1,307,307
4817,1,307,307
4818,0.9869706840390879,303,307
4819,1,307,307
4820,0.9478827361563518,291,307
4821,0.9478827361563518,291,307
4822,0.996742671009772,306,307
4823,0.993485342019544,305,307
4824,0.6612377850162866,203,307
4825,0.6384364820846905,196,307
4826,0.9022801302931596,277,307
4827,0.36482084690553745,112,307
4828,0.993485342019544,305,307
4829,1,307,307
4830,0.9315960912052117,286,307
4831,1,307,307
4832,1,307,307
4833,0.8794788273615635,270,307
4834,0.993485342019544,305,307
4835,0.9837133550488599,302,307
4836,0.9771986970684039,300,307
4837,0.006514657980456026,2,307
4838,0.501628664495114,154,307
4839,0,0,307
4840,0,0,307
4841,0,0,307
4842,0,0,307
4843,0,0,307
4844,0,0,307
4845,0,0,307
4846,0,0,307
4847,0,0,307
4848,0,0,307
4849,0,0,307
4850,0,0,307
4851,0,0,307
4852,0,0,307
4853,0,0,307
4854,0,0,307
4855,0,0,307
4856,0,0,307
4857,0,0,307
4858,0,0,307
4859,0,0,307
4860,0,0,307
4861,0,0,307
4862,0,0,307
4863,0,0,307
4864,0,0,307
4865,0,0,307
4866,0,0,307
4867,0,0,307
4868,0,0,307
4869,0,0,307
4870,0,0,307
4871,0,0,307
4872,0,0,307
4873,0,0,307
4874,0,0,307
4875,0.7296416938110749,224,307
4876,0,0,307
4877,0.24429967426710097,75,307
4878,0,0,307
4879,0,0,307
4880,0,0,307
4881,0.006514657980456026,2,307
4882,0,0,307
4883,0,0,307
4884,0,0,307
4885,0.019543973941368076,6,307
4886,0,0,307
4887,0.13029315960912052,40,307
4888,0,0,307
4889,0,0,307
4890,0,0,307
4891,0.003257328990228013,1,307
4892,0.08143322475570032,25,307
4893,0.4364820846905538,134,307
4894,0,0,307
4895,0,0,307
4896,0,0,307
4897,0,0,307
4898,0,0,307
4899,0,0,307
4900,0.016286644951140065,5,307
4901,0.003257328990228013,1,307
4902,0,0,307
4903,0,0,307
4904,0.04560260586319218,14,307
4905,0,0,307
4906,0,0,307
4907,0,0,307
4908,0,0,307
4909,0,0,307
4910,0,0,307
4911,0.02280130293159609,7,307
4912,0,0,307
4913,0.08469055374592833,26,307
4914,0,0,307
4915,0,0,307
4916,0,0,307
4917,0.9609120521172638,295,307
4918,0,0,307
4919,0.009771986970684038,3,307
4920,0,0,307
4921,0,0,307
4922,0,0,307
4923,0,0,307
4924,0,0,307
4925,0,0,307
4926,0,0,307
4927,0,0,307
4928,0,0,307
4929,0,0,307
4930,0,0,307
4931,0,0,307
4932,0,0,307
4933,0.44625407166123776,137,307
4934,0,0,307
4935,0,0,307
4936,0,0,307
4937,0,0,307
4938,0,0,307
4939,0,0,307
4940,0,0,307
4941,0,0,307
4942,0,0,307
4943,0,0,307
4944,0,0,307
4945,0,0,307
4946,0.009771986970684038,3,307
4947,0.009771986970684038,3,307
4948,0.31921824104234525,98,307
4949,0.035830618892508145,11,307
4950,0,0,307
4951,0,0,307
4952,0,0,307
4953,0.006514657980456026,2,307
4954,0,0,307
4955,0,0,307
4956,0.42996742671009774,132,307
4957,0,0,307
4958,0,0,307
4959,0,0,307
4960,0,0,307
4961,0,0,307
4962,0,0,307
4963,0.46905537459283386,144,307
4964,0,0,307
4965,0,0,307
4966,0,0,307
4967,0,0,307
4968,0.8469055374592834,260,307
4969,0.5635179153094463,173,307
4970,0.28664495114006516,88,307
4971,0,0,307
4972,0,0,307
4973,0.2182410423452769,67,307
4974,0.9218241042345277,283,307
4975,0.3973941368078176,122,307
4976,0.6710097719869706,206,307
4977,0,0,307
4978,0,0,307
4979,0.09771986970684039,30,307
4980,0.14332247557003258,44,307
4981,0.003257328990228013,1,307
4982,0,0,307
4983,0.4755700325732899,146,307
4984,0,0,307
4985,0,0,307
4986,0,0,307
4987,0,0,307
4988,0,0,307
4989,0,0,307
4990,0.026058631921824105,8,307
4991,0,0,307
4992,0.006514657980456026,2,307
4993,0,0,307
4994,0.009771986970684038,3,307
4995,0,0,307
4996,0,0,307
4997,0,0,307
4998,0.003257328990228013,1,307
4999,0.15309446254071662,47,307
