gene,rho,pval,padj
SMARCA2|6595,1.0,0.0,0.0
CFH|3075,0.5190143572975534,1.4250572168689616e-22,1.323165625862831e-18
C18orf1|753,0.49004138226211424,5.979394595735401e-20,3.701245254760213e-16
KIAA2026|158358,0.4832861779594871,2.2550009321327185e-19,1.0468841827426146e-15
VLDLR|7436,0.46707377058018945,4.850346936741486e-18,1.801418852305788e-14
DENND4C|55667,0.46409555827068766,8.374828417195786e-18,2.5920093951220957e-14
TARBP2|6895,-0.4616428152546183,1.3079677601382811e-17,3.469851615109697e-14
ZCCHC6|79670,0.45802798466143935,2.5068711736650894e-17,5.819074711870089e-14
STARD13|90627,0.45281103261559286,6.324553962446423e-17,1.3049663009181118e-13
PTGER2|5732,0.4471498993438063,1.6960234673434978e-16,3.1495155788568754e-13
ENTPD3|956,0.4448004253522552,2.5403910661650615e-16,4.288642008971381e-13
SFMBT2|57713,0.4436234533103193,3.1066596405776636e-16,4.807555793793935e-13
NRP2|8828,0.4412303861432047,4.666003149131055e-16,6.66520603687413e-13
EHD2|30846,0.44005170916456604,5.694329463868778e-16,7.224749856594789e-13
SLC1A1|6505,0.43990613716614874,5.835823793695306e-16,7.224749856594789e-13
TACC1|6867,0.43895141710815205,6.853075423439964e-16,7.953850663330008e-13
CDK4|1019,-0.43737335028770175,8.927937010776246e-16,9.7524582523597e-13
LOC92973|92973,0.43309162575305515,1.8172710393234175e-15,1.874817955568659e-12
SMNDC1|10285,-0.4309130225972533,2.599015847951383e-15,2.5401960156030095e-12
GNAQ|2776,0.4291035336254727,3.4915942305910994e-15,3.1960402791440742e-12
C17orf96|100170841,-0.428891189285901,3.614262028111231e-15,3.1960402791440742e-12
DENND3|22898,0.4282896605196384,3.985132899998557e-15,3.3638144524078724e-12
KIAA1432|57589,0.427860572715909,4.272213667740703e-15,3.4493481656497763e-12
APBA1|320,0.4217112963041302,1.1452910125055063e-14,8.861689209261355e-12
MRPL3|11222,-0.418552674253,1.8859324842456257e-14,1.3571195021721507e-11
DPYD|1806,0.418504979723604,1.900113465615289e-14,1.3571195021721507e-11
MDFIC|29969,0.41809588695814964,2.0261140417841317e-14,1.3935162131826415e-11
C10orf81|79949,0.41690877036963014,2.439861764922601e-14,1.589945678057612e-11
ERG|2078,0.41679668610115056,2.4829523243764536e-14,1.589945678057612e-11
SSX4|6759,-0.4132175172047394,4.3278706312400776e-14,2.6789519207376082e-11
PHF2|5253,0.41291144826304815,4.537077170786356e-14,2.717855582629117e-11
MCC|4163,0.4117953962751817,5.3871312914801096e-14,3.126219627587051e-11
TLR5|7100,0.41027083027466243,6.804417404610142e-14,3.829031248594253e-11
ADAMTSL3|57188,0.40894450762241524,8.329443577905076e-14,4.549346095344037e-11
STS|412,0.4077658306437766,9.961819131896552e-14,5.268094311167256e-11
TMEM150C|441027,0.4076015955686391,1.0212783801939753e-13,5.268094311167256e-11
RUNX1|861,0.40740376695540526,1.0523300338676539e-13,5.281559115924955e-11
CWF19L1|55280,-0.40692682166144517,1.1310380439976387e-13,5.5272043360621444e-11
RAN|5901,-0.40674558244974035,1.1624324306439972e-13,5.534966727451033e-11
C17orf75|64149,-0.4064627331536701,1.2131377911951768e-13,5.631992195623608e-11
C8orf79|57604,0.40389784618741,1.7834246477246692e-13,8.077608709328563e-11
MCRS1|10445,-0.40340903906721115,1.9185980725252951e-13,8.482944334951126e-11
METTL1|4234,-0.4032468776672647,1.9656160145143673e-13,8.488718462681814e-11
SLC5A12|159963,-0.4023434218202745,2.2489251643898049e-13,9.371266758661443e-11
DIABLO|56616,-0.4022780566179685,2.270904707268524e-13,9.371266758661443e-11
YEATS4|8089,-0.4003897679889249,3.004839983198223e-13,1.2130408366954565e-10
RASSF5|83593,0.39858857371790885,3.9184817646491525e-13,1.548217156798612e-10
PTK2B|2185,0.39797808374164,4.285859112422941e-13,1.6554620120749772e-10
MGLL|11343,0.39784827167467524,4.3682088633103866e-13,1.6554620120749772e-10
PRDX3|10935,-0.39615781165886554,5.592562655228196e-13,2.077077770151752e-10
TAF5|6877,-0.3945888690092561,7.025213900266588e-13,2.5580043554500104e-10
C12orf73|728568,-0.3943284154052501,7.295441568652381e-13,2.60531442172836e-10
OSMR|9180,0.3921369554632632,1.000933945953135e-12,3.4697134056414593e-10
AHNAK|79026,0.3920813809681409,1.0089635105257878e-12,3.4697134056414593e-10
USP39|10713,-0.3917628644587832,1.0562115221120975e-12,3.5661541755675727e-10
CCDC77|84318,-0.39115154501243793,1.1530214506764858e-12,3.817404737344974e-10
EPAS1|2034,0.39103915181707866,1.1717397416729322e-12,3.817404737344974e-10
KDM4C|23081,0.3907538141107791,1.2206035759121634e-12,3.9080359318429096e-10
LEPROT|54741,0.3902606941503282,1.3097805846924872e-12,4.062908939261983e-10
RANBP6|26953,0.39024493421887557,1.3127330983075872e-12,4.062908939261983e-10
DCLRE1A|9937,-0.3896419094732948,1.4307189924244758e-12,4.355483883495494e-10
RPP30|10556,-0.38875935331194966,1.6222635344995675e-12,4.858940941234995e-10
PDZD4|57595,0.3871062194495803,2.0506625958299692e-12,6.044572127708338e-10
DARS2|55157,-0.38643310448253926,2.2551241255859506e-12,6.543383595645485e-10
LOC285830|285830,0.3852457180680979,2.6653424940635435e-12,7.614678479193846e-10
C2orf79|391356,-0.38478868005597266,2.8419272114632513e-12,7.996149744980694e-10
RAD51AP1|10635,-0.38442412795737185,2.9909156841855457e-12,8.252729308175899e-10
FNBP1|23048,0.38435030512056767,3.0220010390735653e-12,8.252729308175899e-10
SLC46A3|283537,0.3828327896156982,3.735524794260476e-12,1.005343412020537e-09
TGFBR2|7048,0.3825831191226861,3.867692244250396e-12,1.0260434996532837e-09
ACSL1|2180,0.38178475417410085,4.321670658775227e-12,1.1303299173726192e-09
STK17B|9262,0.3806769968869988,5.03864384880045e-12,1.2885294010595322e-09
CCDC58|131076,-0.380638841263482,5.065301361192561e-12,1.2885294010595322e-09
VPS33A|65082,-0.3796866096157149,5.776966648812518e-12,1.438184470459327e-09
MVP|9961,0.3795978563175344,5.848061758161354e-12,1.438184470459327e-09
MTUS1|57509,0.3795509912582149,5.885946136505592e-12,1.438184470459327e-09
ZDHHC16|84287,-0.3792013696209902,6.17622283693587e-12,1.4743953933851024e-09
FMO2|2327,0.3791815903088349,6.193055537294964e-12,1.4743953933851024e-09
CDCA3|83461,-0.37894423389729004,6.398574674476696e-12,1.4743953933851024e-09
SYNE1|23345,0.3789338655213344,6.407702299674485e-12,1.4743953933851024e-09
EXOSC1|51013,-0.378907322478888,6.431126917834857e-12,1.4743953933851024e-09
ERMP1|79956,0.37761086074939304,7.6827690346785e-12,1.7398661094387773e-09
SLC12A1|6557,-0.37722041279205926,8.104196070581309e-12,1.8131918196469267e-09
CELF2|10659,0.37709119774649574,8.248564014554326e-12,1.8235218303604028e-09
TENC1|23371,0.37687014397112123,8.501375013972935e-12,1.8368444972998327e-09
MAN2B2|23324,0.37679839480950805,8.58504403780194e-12,1.8368444972998327e-09
TACR1|6869,0.3767424055793476,8.650892048368889e-12,1.8368444972998327e-09
GPR12|2835,0.3766971410953185,8.70448657848063e-12,1.8368444972998327e-09
DENR|8562,-0.3766018104013889,8.818421946555989e-12,1.8399786016578057e-09
C12orf32|83695,-0.37641683857434,9.043654933240032e-12,1.86600746789186e-09
MAN1A1|4121,0.37519088180134363,1.0684740354393775e-11,2.180391520671345e-09
LMNA|4000,0.37507060864025804,1.0860564795349723e-11,2.1921813940178734e-09
ABCA7|10347,0.37455758139797235,1.1642747491113874e-11,2.3247937732256415e-09
LRRC8C|84230,0.3730690973457787,1.423592753833274e-11,2.8123529190089254e-09
RG9MTD1|54931,-0.37283128545790745,1.469931383711763e-11,2.8714118565053118e-09
TSFM|10102,-0.37275846080214736,1.4844132376117927e-11,2.8714118565053118e-09
CCNJ|54619,-0.3725855162912071,1.519364247667901e-11,2.908721039092054e-09
NTN4|59277,0.3719124013241661,1.6631921885004023e-11,3.15157948371964e-09
JAK2|3717,0.3715076199268573,1.7559829433905436e-11,3.2937983089658986e-09
RORB|6096,0.3714157122492286,1.777743898776395e-11,3.3012704200277655e-09
LYRM4|57128,-0.37065160680795867,1.9691269496384237e-11,3.6204641044342102e-09
PTAR1|375743,0.36989761850846353,2.1775894894857205e-11,3.93217650759478e-09
LOC100129034|100129034,0.3697698801166899,2.2149742950309583e-11,3.93217650759478e-09
ILF2|3608,-0.3697118172113382,2.2321733783892308e-11,3.93217650759478e-09
RUNX1T1|862,0.36967494412222607,2.2431631966159972e-11,3.93217650759478e-09
PLCL2|23228,0.3696703437075156,2.2445380172592717e-11,3.93217650759478e-09
AURKB|9212,-0.36932238101044385,2.350939374254124e-11,4.0496756265065195e-09
SFRS7|6432,-0.3693086947541824,2.355223304591837e-11,4.0496756265065195e-09
PLA2R1|22925,0.36921081728516103,2.3860823154689233e-11,4.065096201675037e-09
KIAA0247|9766,0.3687214299400542,2.5463816596009947e-11,4.298755219890043e-09
SYTL4|94121,0.36816858813409875,2.7400954884585185e-11,4.508665755549712e-09
MRPL43|84545,-0.3681660997238695,2.740999057273518e-11,4.508665755549712e-09
STIM1|6786,0.3681590492282196,2.7435607451648762e-11,4.508665755549712e-09
CDC34|997,-0.3679935699479674,2.804359126453686e-11,4.558721665218209e-09
KLF9|687,0.367943217790561,2.8231178863763813e-11,4.558721665218209e-09
GLYATL2|219970,0.36779981122148864,2.877216370646983e-11,4.606026551975385e-09
CDC37L1|55664,0.36740630513383915,3.0309005045502415e-11,4.810583108504101e-09
C9orf95|54981,0.3673358001773407,3.05926823074352e-11,4.814458563127725e-09
B4GALT1|2683,0.36701603946286837,3.1912030746948085e-11,4.9798858064775295e-09
HSPC072|29075,-0.3661306009775257,3.586120957535609e-11,5.549522181786355e-09
RUSC2|9853,0.3655399974618216,3.875582360869755e-11,5.947897887714988e-09
SGCD|6444,0.3652621249862101,4.019521104319712e-11,6.047455190341329e-09
UHRF2|115426,0.36524719452483395,4.0274007266922414e-11,6.047455190341329e-09
SNRPE|6635,-0.3652268725079609,4.038149938623181e-11,6.047455190341329e-09
NAV3|89795,0.36463380140329743,4.364450078620204e-11,6.444373340421945e-09
CEP76|79959,-0.3645898394892455,4.38963395297348e-11,6.444373340421945e-09
E2F5|1875,-0.3645591490964168,4.407298945792068e-11,6.444373340421945e-09
IFNE|338376,0.36423348309825665,4.5990636347260024e-11,6.632280370912412e-09
TMEM173|340061,0.36421989583514786,4.6072383836709806e-11,6.632280370912412e-09
CBX8|57332,-0.3633116261014326,5.1869888354445055e-11,7.409414051861882e-09
TSHZ2|128553,0.3625435368106378,5.7321714306480113e-11,8.125681180697218e-09
MAML2|84441,0.36232248303526327,5.899147516667675e-11,8.251723363093414e-09
GATC|283459,-0.3623083820439636,5.909958036033518e-11,8.251723363093414e-09
PTPRE|5791,0.3622183845406685,5.979410218018979e-11,8.286391623030779e-09
PPY2|23614,-0.3620142419724118,6.139906980878749e-11,8.445783158142102e-09
TADA2A|6871,-0.36173604769121154,6.365388777504997e-11,8.691563941049104e-09
RGL1|23179,0.36162655764111984,6.456325135994417e-11,8.751383779227468e-09
TRPM4|54795,0.3613727397977255,6.67202171969004e-11,8.978220531495946e-09
LRRK2|120892,0.36105297908325307,6.953757558587441e-11,9.290019990141639e-09
PLAC1|10761,-0.36060814543635294,7.36502556916712e-11,9.769180344245243e-09
GLIS3|169792,0.3601293641531235,7.834121756867956e-11,1.030745674428341e-08
PRKCH|5583,0.3600302424789875,7.93480842738728e-11,1.030745674428341e-08
RIN1|9610,0.3600277540687581,7.937352258656584e-11,1.030745674428341e-08
MYL6B|140465,-0.35978306039620467,8.19140940245795e-11,1.056350504191973e-08
PLEC|5339,0.35968062084176283,8.300102803860981e-11,1.0629855797772305e-08
PTPLAD2|401494,0.3596221432013729,8.362778274573342e-11,1.0636766613618286e-08
KIAA0427|9811,0.3591211432751958,8.918953778701502e-11,1.1267004875543327e-08
APOA1|335,-0.35905146778877384,8.999098216308912e-11,1.1291436072760574e-08
GSDMC|56169,0.3585855255517549,9.553346623917966e-11,1.1855070398020133e-08
BICD2|23299,0.3585670572641257,9.575985781922564e-11,1.1855070398020133e-08
GABRE|2564,0.3584272915562435,9.749016374382309e-11,1.1916805152311124e-08
ETS1|2113,0.35842314420586124,9.754197001353209e-11,1.1916805152311124e-08
C3orf21|152002,-0.3576455160091872,1.0774401558243009e-10,1.2972871711706684e-08
GOLGA2|2801,0.35763722130842274,1.0785824362427537e-10,1.2972871711706684e-08
MCF2L|23263,0.35760653091559397,1.0828191251020657e-10,1.2972871711706684e-08
SNRPG|6637,-0.35746759467778827,1.1022021056447159e-10,1.3120444296039984e-08
C1QBP|708,-0.35728469652593053,1.1282334297601534e-10,1.3344773752003853e-08
TLN1|7094,0.3570022619648985,1.1696101253421146e-10,1.3746620270634854e-08
WWC3|55841,0.35671899793379,1.2125893099753677e-10,1.4162127978768916e-08
MEST|4232,-0.35664061301156535,1.224751359451443e-10,1.421477046563331e-08
SLC6A10P|386757,-0.3563962304063034,1.26343570219417e-10,1.4572671422202322e-08
RIN3|79890,0.35612634156416495,1.307538583841405e-10,1.498826635921907e-08
CRYBG3|131544,0.35577464625174915,1.3672615152985637e-10,1.5481735572618493e-08
TBC1D2B|23102,0.35577464625174915,1.3672615152985637e-10,1.5481735572618493e-08
KIAA0020|9933,0.3544744519069103,1.6119612505793382e-10,1.8141891165611097e-08
TPBG|7162,0.3543222441478812,1.643250904511341e-10,1.838263210649133e-08
MEF2C|4208,0.3539717930405802,1.7175555773750348e-10,1.909880662985293e-08
LRRC2|79442,0.35390778986616217,1.731474221041552e-10,1.913897397901287e-08
RECK|8434,0.35350770453280517,1.820998175964193e-10,2.000942966133436e-08
PGAM5|192111,-0.3534015323630193,1.8455011360371317e-10,2.0159385938946788e-08
PNPLA7|375775,0.353206606895053,1.891324103495023e-10,2.0539116141463495e-08
CD93|22918,0.3526243189013835,2.0348930569348232e-10,2.1969746550743995e-08
SLC6A13|6540,-0.3524612294521493,2.07696800134512e-10,2.2294390627155423e-08
PAG1|55824,0.35181848872211013,2.2511740350229214e-10,2.402546082205497e-08
C5orf53|492311,0.3516720872536163,2.2927965012951012e-10,2.4329846302314305e-08
PADI3|51702,-0.35152204099311457,2.336231037684371e-10,2.464989225556748e-08
TLR6|10333,0.35141578099999254,2.367473190156977e-10,2.4838405164528286e-08
ALS2CL|259173,0.3511897504041593,2.435286246410955e-10,2.540632898643339e-08
CENPL|91687,-0.35107030671315015,2.471879961574386e-10,2.564402842817673e-08
ADCY9|115,0.3508110973142589,2.5531410111711536e-10,2.6339904765249066e-08
SSX6|280657,-0.3507119686558891,2.5848987331875697e-10,2.6520204129996225e-08
SERTAD4|56256,0.35065100958950357,2.604618381168885e-10,2.6575694141926482e-08
C2orf29|55571,-0.34997316145605795,2.8339871433691526e-10,2.8758000684352546e-08
PGCP|10404,0.34949223989269973,3.0085008865856543e-10,3.036296818689978e-08
IGF2BP1|10642,-0.34899890013600776,3.1983569429644697e-10,3.210458834100011e-08
SLC25A39|51629,-0.3488444237629905,3.2601626204536435e-10,3.25490429364646e-08
TUBGCP6|85378,0.3486685761067827,3.3319315920932507e-10,3.308768431292602e-08
C17orf49|124944,-0.3485731870479907,3.371502610770299e-10,3.32472757374721e-08
PDRG1|81572,-0.3485437408602766,3.3838099700496644e-10,3.32472757374721e-08
DAPK2|23604,0.3484927284505748,3.4052345500013464e-10,3.328168715448685e-08
ALAD|210,0.3483566953580366,3.463013066175815e-10,3.366918986329052e-08
ENG|2022,0.34813605631770034,3.558757868070541e-10,3.441986125524477e-08
LOH12CR1|118426,-0.3479075373116377,3.6606318304461224e-10,3.5221726990354656e-08
MMS19|64210,-0.34772422442474177,3.7443953560840256e-10,3.5841969980659976e-08
STEAP4|79689,0.34743308042790705,3.8812720245251873e-10,3.696165204893986e-08
GALNT10|55568,0.34733478822384745,3.92857059450402e-10,3.7221202010173294e-08
RPAIN|84268,-0.3467056351708584,4.244855124795375e-10,3.9958005270142283e-08
KIAA0513|9764,0.34667577424810614,4.2604658284804376e-10,3.9958005270142283e-08
TFEB|7942,0.3465297875146505,4.3375910132616877e-10,4.027658477925947e-08
TSHZ3|57616,0.3465293727796123,4.3378120386924583e-10,4.027658477925947e-08
DDX47|51202,-0.346407855413412,4.403045836423687e-10,4.0535271015095354e-08
LDLR|3949,0.3463962428323417,4.409329426520873e-10,4.0535271015095354e-08
DPYSL2|1808,0.34592676276906975,4.670789674690734e-10,4.272737155616105e-08
TNFSF14|8740,0.34557538062573095,4.876269464970711e-10,4.438839410024809e-08
CCT2|10576,-0.34484928113975827,5.329059922319568e-10,4.763038636505494e-08
CCDC138|165055,-0.34482398230242645,5.345550429668559e-10,4.763038636505494e-08
A2M|2,0.34478582667890967,5.370515116375923e-10,4.763038636505494e-08
ORAI1|84876,-0.3447779467131834,5.375684952967393e-10,4.763038636505494e-08
C19orf62|29086,-0.3447638457218837,5.38494830285509e-10,4.763038636505494e-08
LOC400931|400931,0.3447617720466925,5.386311866807506e-10,4.763038636505494e-08
COBLL1|22837,0.3446539409367537,5.457681062424354e-10,4.790066092852712e-08
LOC728264|728264,0.34463776627026294,5.468465329481826e-10,4.790066092852712e-08
C16orf59|80178,-0.3442993424790704,5.698909694770983e-10,4.9684860578355466e-08
FAM129B|64855,0.3441164443272127,5.827347955857895e-10,5.056722034592576e-08
CBX7|23492,0.3438630412188565,6.009951489360801e-10,5.190920891043259e-08
FBXL8|55336,0.3434997333253704,6.281477188668308e-10,5.4003255274801155e-08
ANTXR2|118429,0.3433101994129011,6.427818840347389e-10,5.5006726205184794e-08
ZNF511|118472,-0.3428830223235282,6.76988716038589e-10,5.741937293916422e-08
GPR124|25960,0.342880948648337,6.771590023520174e-10,5.741937293916422e-08
IFT52|51098,-0.34273745032511077,6.890443533033465e-10,5.8161607458377927e-08
TBCE|6905,-0.34268477897525607,6.934574992981967e-10,5.826925684148196e-08
FBXL7|23194,0.3425611879338647,7.039207490461427e-10,5.888201941345437e-08
SFRS9|8683,-0.34237455716666293,7.200119628428546e-10,5.978108357827419e-08
BICC1|80114,0.34233183945772566,7.237449698677721e-10,5.978108357827419e-08
UMPS|7372,-0.34232520369711406,7.243265377012221e-10,5.978108357827419e-08
SNRPB|6628,-0.3422281556981691,7.328839728171538e-10,6.021971404962189e-08
ZFP36|7538,0.3418540646936892,7.667979505987137e-10,6.272880150933089e-08
C20orf7|79133,-0.34172383789168614,7.78957555413369e-10,6.344404300011518e-08
KANK1|23189,0.34158116903853636,7.924937314216947e-10,6.426466634279857e-08
TFB2M|64216,-0.341375045724538,8.124543097254896e-10,6.559685448522758e-08
ALKBH2|121642,-0.3413128354688041,8.185738904933407e-10,6.580483613186725e-08
SWAP70|23075,0.34126762934963745,8.230488263717026e-10,6.587938235225223e-08
MRPL42|28977,-0.34112952258190815,8.368675169353579e-10,6.669798192913989e-08
NSMCE4A|54780,-0.3410743628218241,8.424493897036855e-10,6.685591951622838e-08
C3orf67|200844,-0.34087114265309326,8.633276506157345e-10,6.822125307206038e-08
RNASEL|6041,0.3407371832357462,8.773639335522498e-10,6.90366451104461e-08
ARHGEF6|9459,0.34044894238417905,9.083208014618979e-10,7.117095900062213e-08
FABP6|2172,-0.34028308323443657,9.266116705260643e-10,7.229907025911351e-08
H6PD|9563,0.34009849127687797,9.473886734568887e-10,7.361091073679675e-08
FKBP15|23307,0.34004830833725264,9.531147895554757e-10,7.374725684185494e-08
LRCH1|23143,0.3397766568872145,9.846992495778073e-10,7.587495877452232e-08
DSCR8|84677,-0.33959942035299545,1.0058512092106182e-09,7.709902400217317e-08
C17orf60|284021,0.3395742661885601,1.0088886824193903e-09,7.709902400217317e-08
PDCL3|79031,-0.33933994089196234,1.0376154241102146e-09,7.867827178107616e-08
SMUG1|23583,-0.33933662301165657,1.0380278183286838e-09,7.867827178107616e-08
ZNF207|7756,-0.33913879439842265,1.0629063468241046e-09,8.023646691269766e-08
SLC24A3|57419,0.33903096328848387,1.0767095743146012e-09,8.094937973693176e-08
C13orf31|144811,0.338530378097345,1.1430991048996003e-09,8.559415474994186e-08
APEX1|328,-0.33762998832935603,1.2726421432000984e-09,9.457448964272542e-08
USH1C|10083,-0.3375938837640658,1.2781230876358231e-09,9.457448964272542e-08
POLR3K|51728,-0.33759266217591566,1.2783089337815876e-09,9.457448964272542e-08
RELN|5649,0.3375542799433757,1.2841615780246942e-09,9.463047819015305e-08
UBE2T|29089,-0.33736829052023537,1.312891940814973e-09,9.636523059657727e-08
FAM20A|54757,0.3369357218753655,1.3821441478551993e-09,1.010488851404372e-07
FAS|355,0.33662798847700176,1.433554104461759e-09,1.0439646948962693e-07
DOCK9|23348,0.3364119115220859,1.470755172438965e-09,1.0668720137574836e-07
CARD6|84674,0.33612657381578637,1.5213176318232052e-09,1.0946838816006547e-07
DNA2|1763,-0.3361016897134928,1.5258062104583176e-09,1.0946838816006547e-07
FLJ35390|255031,0.3360962981579958,1.5267804272190068e-09,1.0946838816006547e-07
TRANK1|9881,0.3358756591176595,1.5671699616523556e-09,1.1193210072263171e-07
ZMAT1|84460,0.3357363429552236,1.5932043942853413e-09,1.1335557701869267e-07
C14orf139|79686,0.33567326841900513,1.6051287866202172e-09,1.1376809758602074e-07
NDUFAF4|29078,-0.33560151925739207,1.618798363677898e-09,1.1430070575474741e-07
HNRNPC|3183,-0.33548539344668876,1.6411620687002723e-09,1.152985500987693e-07
KCNE2|9992,-0.335463827224701,1.6453481839619743e-09,1.152985500987693e-07
RBPMS|11030,0.33508766254502986,1.7200508536584694e-09,1.200802419264578e-07
ODC1|4953,-0.3345103513718191,1.8411351492151984e-09,1.2805198397350649e-07
SLC34A2|10568,0.33447675783372277,1.8484298100127218e-09,1.2807963273110538e-07
TLR1|7096,0.33415741185428866,1.9191880485268232e-09,1.3246812999173784e-07
FUT2|2524,0.33412713619649814,1.926030969185203e-09,1.3246812999173784e-07
RASA3|22821,0.33369332334651364,2.0267179273049553e-09,1.38878789335989e-07
LIX1L|128077,0.33355106922840205,2.060832043376863e-09,1.4048227288165791e-07
ACTR3B|57180,-0.3335328208867201,2.0652482766124186e-09,1.4048227288165791e-07
DOCK10|55619,0.3333897372985321,2.100194969801107e-09,1.423380313474692e-07
SHB|6461,0.333330844923104,2.1147447476606426e-09,1.4280294532384775e-07
NFX1|4799,0.3332673904622554,2.1305309709251466e-09,1.4334768163072456e-07
KAT2B|8850,0.3331956413006423,2.1485183646888895e-09,1.440360506580241e-07
SESTD1|91404,0.33307910075490077,2.1780490486434263e-09,1.4549054256585766e-07
ADAMTS10|81794,0.33299905689252307,2.1985591976296135e-09,1.4633420896050869e-07
APOL1|8542,0.3326610478363688,2.2872528892985204e-09,1.5138145588873183e-07
HIVEP3|59269,0.33264819105018373,2.2906940821073585e-09,1.5138145588873183e-07
PDE5A|8654,0.33257436821337955,2.3105505302782277e-09,1.521522104513003e-07
MYOD1|4654,-0.33249692597870006,2.3315597743135254e-09,1.528041543555015e-07
FAM64A|54478,-0.3324773202144346,2.3369079072139163e-09,1.528041543555015e-07
PLSCR4|57088,0.3322081571746259,2.4115442543887455e-09,1.5713114668069826e-07
LOC554202|554202,0.332124704221872,2.435150506458328e-09,1.5757655357179748e-07
ACADL|33,0.33212399826779104,2.435351151055782e-09,1.5757655357179748e-07
GIPR|2696,0.33202295168625634,2.4642362524999878e-09,1.5889190003098878e-07
POU6F2|11281,-0.33133545477765164,2.6697666364961708e-09,1.715486728018474e-07
TMEM97|27346,-0.33127541807365535,2.6884835648719014e-09,1.7215565448162485e-07
C14orf104|55172,-0.3312277235442593,2.7034432916492996e-09,1.7251870077638313e-07
MAPKAPK5|8550,-0.33114353233149935,2.7300475553497614e-09,1.736198051467297e-07
ITGA2|3673,0.3311074503831737,2.7415268852065216e-09,1.7375479269039286e-07
ITGB4|3691,0.3310626589990453,2.755842169516064e-09,1.7406799009494322e-07
STL|7955,0.33100829980647273,2.773312626951613e-09,1.7457767960166594e-07
SNRPF|6636,-0.330972246760712,2.7849588279259412e-09,1.7471853187359705e-07
FZD1|8321,0.33060479151684363,2.906393103393921e-09,1.8172296272735726e-07
LOC84931|84931,-0.3305619298166136,2.9208875084150716e-09,1.8201637929955665e-07
SLCO2A1|6578,0.3301087684111252,3.078480133483953e-09,1.911952377217291e-07
PSMB6|5694,-0.32997978581423687,3.1248213153841945e-09,1.9328626124545233e-07
GLRX3|10539,-0.32991716082346473,3.1475644075810193e-09,1.9328626124545233e-07
NALCN|259232,0.32990983241797195,3.150236272629718e-09,1.9328626124545233e-07
RCAN1|1827,0.3298893735759036,3.157707001639184e-09,1.9328626124545233e-07
NCAPD2|9918,-0.32985287689253967,3.171076733990135e-09,1.9328626124545233e-07
CNGB3|54714,-0.3298432857085223,3.1745993365569713e-09,1.9328626124545233e-07
IRX3|79191,0.32968159132175223,3.234559467855135e-09,1.9611447485715447e-07
PPM1H|57460,-0.32966126930487927,3.24217252456362e-09,1.9611447485715447e-07
MTAP|4507,0.32933819071010106,3.365561818272824e-09,2.0291715248482576e-07
KIAA1671|85379,0.32924238691627083,3.4030172096380546e-09,2.045114225986365e-07
TRIAP1|51499,-0.3290914233623565,3.462858641733665e-09,2.0743640315159405e-07
ZHX1|11244,0.32876502688727255,3.5957458661932798e-09,2.1470418242832544e-07
GLO1|2739,-0.3285012554029607,3.7067327128542367e-09,2.2062187973622813e-07
TRUB1|142940,-0.3282482670296428,3.816295593422992e-09,2.264172816928593e-07
C2orf68|388969,-0.3280496089463325,3.904521593830905e-09,2.3091390445044555e-07
TRA2B|6434,-0.32801145332281567,3.921691557535219e-09,2.311930546775524e-07
C12orf47|51275,-0.3279227000246353,3.9619137455455985e-09,2.3282512105943597e-07
NDUFA9|4704,-0.3277530733940008,4.0399013802457905e-09,2.3665920703837328e-07
RNFT2|84900,-0.3276983283689549,4.065386824403384e-09,2.3740324946280141e-07
TBC1D7|51256,-0.327441607380293,4.1869898972623744e-09,2.4373793853342416e-07
SLC25A13|10165,-0.32732382262943677,4.243953780793549e-09,2.462819428416757e-07
C1orf182|128229,-0.32708120263207446,4.363666150263801e-09,2.5244012588909277e-07
C10orf82|143379,-0.32686589711825065,4.472634540737174e-09,2.5794044540835196e-07
LMF2|91289,0.32669881692682995,4.559006793839762e-09,2.6210760421549344e-07
SERPINB8|5271,0.3265163335100105,4.655186957935777e-09,2.6663723246472635e-07
DDX39|10212,-0.3264702979207674,4.679759215126368e-09,2.6663723246472635e-07
TMEM71|137835,0.32646822424557626,4.680869024421152e-09,2.6663723246472635e-07
DPCD|25911,-0.3263803004174723,4.728160130772602e-09,2.685074422888294e-07
MRPL51|51258,-0.32615717296690666,4.8502585205424954e-09,2.746015266051041e-07
NID2|22795,0.32612855624926906,4.866137144293524e-09,2.746631208800327e-07
NFIB|4781,0.3260443650365092,4.913144921172669e-09,2.7647606420053475e-07
LYST|1130,0.325816675500523,5.042487329309536e-09,2.8289724986488845e-07
ZC3HC1|51530,-0.3255520745461347,5.19694143492908e-09,2.9068434471877415e-07
ARHGEF37|389337,0.3254264098295522,5.271889692618738e-09,2.935905017819147e-07
PGP|283871,-0.32538120371038554,5.29910634918216e-09,2.935905017819147e-07
UNG|7374,-0.3253687616592388,5.306621011653394e-09,2.935905017819147e-07
IL4R|3566,0.3253596374883978,5.312138319802011e-09,2.935905017819147e-07
HERC3|8916,0.32513982791813795,5.44674624336317e-09,3.0013672919659966e-07
DCTN2|10540,-0.3251136996107297,5.462964700080321e-09,3.001398061553005e-07
LDB2|9079,0.32489928159596676,5.5978366953558374e-09,3.0616774807296345e-07
MARS|4141,-0.32487895957909374,5.61078547810493e-09,3.0616774807296345e-07
TMEM93|83460,-0.32483790081030933,5.637035832706891e-09,3.0616774807296345e-07
ATP8B1|5205,0.32483541240007996,5.6386305784035275e-09,3.0616774807296345e-07
PLXNB2|23654,0.324765736913658,5.6834611905399226e-09,3.0770225745867746e-07
SLC16A7|9194,0.3247265957281719,5.7087965682384744e-09,3.081754426517107e-07
BCCIP|56647,-0.3246769836154776,5.7410667266526755e-09,3.0901915685200054e-07
TBPL1|9519,-0.32458408296691493,5.801969410400908e-09,3.113947166218059e-07
ITPRIPL2|162073,0.3244596624554471,5.884515909947567e-09,3.149148716072805e-07
WHAMML1|339005,0.3242208423063075,6.0461572037633025e-09,3.226354576835762e-07
SYNE2|23224,0.3241689331936506,6.081855311053805e-09,3.236104674105133e-07
KIAA0101|9768,-0.32407105572462924,6.149721824382714e-09,3.2628666936796284e-07
POTEG|404785,-0.32379874914195483,6.3424133045807766e-09,3.346835290812717e-07
NUP107|57122,-0.3237965011293235,6.3440281225959955e-09,3.346835290812717e-07
PLXNB3|5365,0.32368576687411715,6.424066459861649e-09,3.379459324635434e-07
OSTF1|26578,0.32365756489151776,6.444606382415626e-09,3.380687585351926e-07
NUP88|4927,-0.32357420314883434,6.505692266978016e-09,3.4031184619093455e-07
SFRS3|6428,-0.32353480332020285,6.534758356910436e-09,3.4087208620176066e-07
CX3CL1|6376,0.3234701046542396,6.582760777052731e-09,3.424141950416505e-07
PROM2|150696,0.3233017222287197,6.709295413682649e-09,3.4802127327398543e-07
C4A|720,0.3231909879735133,6.793788661085466e-09,3.510511486493276e-07
C9orf5|23731,0.3231515881448819,6.824099450453939e-09,3.510511486493276e-07
ITGB6|3694,0.3231511734098437,6.824419206376267e-09,3.510511486493276e-07
GYPC|2995,0.322775838200249,7.119821648970983e-09,3.652350497828485e-07
ARNTL|406,0.32269620907290963,7.1840649187326845e-09,3.6751538716492e-07
ARMCX3|51566,0.3226480998084754,7.22315000207863e-09,3.676624691804871e-07
VPS13D|55187,0.32261989782587597,7.2461575281967935e-09,3.676624691804871e-07
FMN1|342184,0.3225755546226338,7.2824767368947195e-09,3.676624691804871e-07
APOL2|23780,0.32254566025403353,7.307060995575563e-09,3.676624691804871e-07
TTLL11|158135,0.32254483078395707,7.30774427135181e-09,3.676624691804871e-07
KIAA1244|57221,0.3225340476729632,7.316632484406038e-09,3.676624691804871e-07
TMOD2|29767,0.3225232645619693,7.325531157607982e-09,3.676624691804871e-07
LSMD1|84316,-0.3224278755031773,7.404707606586637e-09,3.7035660729053597e-07
PXK|54899,0.32239054934973693,7.435914561030059e-09,3.7035660729053597e-07
ENGASE|64772,0.3223868167343929,7.4390422466004265e-09,3.7035660729053597e-07
KLHL9|55958,0.3222122132832997,7.586779446494353e-09,3.767018564743319e-07
DHDPSL|112817,-0.32210230849816973,7.681224802289652e-09,3.803742522093836e-07
IGFBP2|3485,-0.32203926877235944,7.735909561891084e-09,3.820634057561634e-07
TRPS1|7227,0.32196586067059335,7.80006329639176e-09,3.8421001436072933e-07
STX1B|112755,0.3219044798849359,7.854100849617509e-09,3.858482877708919e-07
DEPDC1B|55789,-0.3218613474409604,7.892289685667806e-09,3.86701370614383e-07
GINS1|9837,-0.3218314865182081,7.91883328586497e-09,3.869808792592434e-07
DDN|23109,-0.32180589923894676,7.941646708773929e-09,3.870771112386663e-07
JAK1|3716,0.3217435626901042,7.997491979559778e-09,3.8877860225242167e-07
GGTA1|2681,0.3216224600589422,8.107071879672378e-09,3.930765660718435e-07
TFDP2|7029,-0.32159508754641924,8.13204046076579e-09,3.9326039415734565e-07
C6orf141|135398,0.3212673215312915,8.436860901835539e-09,4.069415764859376e-07
DSCR4|10281,-0.32107245919338906,8.62329016431101e-09,4.148562133452214e-07
MAF|4094,0.32095307770724524,8.739467191131295e-09,4.193589295589358e-07
FLJ35024|401491,0.32087344857990574,8.8177991487575e-09,4.22027139671203e-07
DSCR9|257203,-0.32072995025667955,8.960677953598327e-09,4.2776295526560654e-07
EMG1|10436,-0.3206536390096459,9.037569264841321e-09,4.284499556138717e-07
CXCL17|284340,0.32065322427460774,9.0379888910713e-09,4.284499556138717e-07
PSTK|118672,-0.32064700324903433,9.044285546614847e-09,4.284499556138717e-07
ZNHIT3|9326,-0.3205113848915344,9.182611954797331e-09,4.338959389327899e-07
GBP2|2634,0.32025093128752835,9.454027485701202e-09,4.4558703149612015e-07
ADRB2|154,0.3201588601090422,9.55181743375515e-09,4.472084103437941e-07
ARHGAP1|392,0.3201563716988128,9.554473936984615e-09,4.472084103437941e-07
PARM1|25849,0.3201505654082777,9.560675223828016e-09,4.472084103437941e-07
ANKRD29|147463,0.32008213412697034,9.634055769234329e-09,4.4890165986307e-07
ARHGAP31|57514,0.32007176575101465,9.645221447784865e-09,4.4890165986307e-07
TMEM214|54867,0.32002697436688626,9.693601176142562e-09,4.489031766607665e-07
PARP10|84875,0.32002697436688626,9.693601176142562e-09,4.489031766607665e-07
RAE1|8480,-0.31986066561655757,9.875295298956894e-09,4.5617968582494907e-07
SNRPD1|6632,-0.31956869214964634,1.0202277062994548e-08,4.701148512650341e-07
COL6A4P2|646300,0.31949821825121466,1.028275588851376e-08,4.7265043774678346e-07
TAL1|6886,0.3194484189885608,1.0339994825523566e-08,4.7302761334478346e-07
DST|667,0.3194467600484079,1.0341906893806251e-08,4.7302761334478346e-07
COL27A1|85301,0.31942353488626724,1.0368711781150313e-08,4.730883974839344e-07
FAM136A|84908,-0.3191655696924906,1.0670991770179001e-08,4.855746162188936e-07
C17orf79|55352,-0.31914566241065573,1.069466979178931e-08,4.855746162188936e-07
ELL2|22936,0.3188333669268714,1.1072836587341917e-08,5.006100704027404e-07
MLPH|79083,0.31880806808953965,1.1104031533135568e-08,5.006100704027404e-07
ZBTB16|7704,0.31880591022943505,1.1106696230798549e-08,5.006100704027404e-07
SFRS13B|135295,-0.3182796956508396,1.1775308156870983e-08,5.283423550548903e-07
DOCK5|80005,0.3182684978048075,1.1789950783127169e-08,5.283423550548903e-07
SEMA3C|10512,0.31825522628358427,1.1807327805480854e-08,5.283423550548903e-07
FAM122A|116224,0.3182320011214436,1.1837797200883764e-08,5.284324375490662e-07
FAM129A|116496,0.31812997630203993,1.1972547801104743e-08,5.331659776175421e-07
UBE2N|7334,-0.3179470781501822,1.2217834344762799e-08,5.427875210101559e-07
ZNF189|7743,0.3177106791783933,1.254207830481866e-08,5.558625158006742e-07
PRAMEF18|391003,-0.3174590749926446,1.2896313729708561e-08,5.702012999064e-07
HS6ST3|266722,0.31734894452950907,1.305439303563657e-08,5.757951136738987e-07
PSRC1|84722,-0.31732787873811064,1.308484318634277e-08,5.757951136738987e-07
NCAPH|23397,-0.31729967675551124,1.3125716062664445e-08,5.762282441694533e-07
PRDM6|93166,0.3172227762967721,1.3237795322822294e-08,5.797779696811557e-07
C19orf35|374872,0.3169314249022098,1.3670880652103288e-08,5.973370675519013e-07
SGMS2|166929,0.3168762322814824,1.3754451771064334e-08,5.995778624147058e-07
RCL1|10171,0.3167360518385619,1.39689351087909e-08,6.075014636305551e-07
CYBRD1|79901,0.3166195112928204,1.4149706085703803e-08,6.139253318026159e-07
BEGAIN|57596,0.3165133391230345,1.431636112977584e-08,6.197082195336534e-07
CKS1B|1163,-0.31647103614913547,1.4383289965865903e-08,6.211574294561158e-07
PRKAG1|5571,-0.3163723292100376,1.4540635499172168e-08,6.264955944770932e-07
SLC23A2|9962,0.3160533979656417,1.506048827609408e-08,6.473918224237663e-07
PRICKLE2|166336,0.315912802787683,1.529531938531504e-08,6.559678544695157e-07
KIF13B|23303,0.31589123656569523,1.5331652298329785e-08,6.56011021152037e-07
BMP7|655,-0.3158203168741586,1.5451720806127753e-08,6.596286330340054e-07
STRAP|11171,-0.3156291240215364,1.577995926679537e-08,6.720959715238303e-07
GHR|2690,0.3155856422847411,1.5855543525839122e-08,6.737698930774199e-07
KCND2|3751,0.3154520321602138,1.608999367938626e-08,6.821716498315133e-07
NNMT|4837,0.31540599657097074,1.617154720954314e-08,6.833836930636436e-07
CCNB2|9133,-0.3153943839899004,1.6192182280452515e-08,6.833836930636436e-07
CDC6|990,-0.3150949452923011,1.6733146452508193e-08,7.046134458573177e-07
KCNN4|3783,0.31503812659206415,1.6837747700141798e-08,7.074139701168171e-07
STMN1|3925,-0.31500536252404426,1.689835214785562e-08,7.0835756069002e-07
CYLD|1540,0.31498296683198007,1.6939899202888894e-08,7.084998382829882e-07
ZDHHC21|340481,0.31489255459364673,1.7108632073938684e-08,7.139489834000929e-07
NIPA1|123606,0.3148402979788303,1.720689598720782e-08,7.164395930099758e-07
RRAGA|10670,0.31477269616759945,1.733482454618588e-08,7.201514358449033e-07
RNPS1|10921,-0.3147295637236239,1.7416927423306244e-08,7.219471925241004e-07
SH3GLB1|51100,0.31467606290369277,1.7519288770451758e-08,7.245728117311563e-07
MAGEA11|4110,-0.3144858919836829,1.7887862979121548e-08,7.381724789384158e-07
ARRDC5|645432,0.31443776122153005,1.7982327735458674e-08,7.404253349167795e-07
RPLP0|6175,-0.3142335406179055,1.8388534398075658e-08,7.554758490536835e-07
CSGALNACT1|55790,0.3141816987381272,1.8493053500176574e-08,7.580927229542583e-07
CT45A2|728911,-0.314109394953255,1.8639785141308466e-08,7.615543939719314e-07
SUN2|25777,0.31408091812383826,1.8697883578329885e-08,7.615543939719314e-07
ALOX5|240,0.3140618403120798,1.8736903965437866e-08,7.615543939719314e-07
DSG1|1828,-0.3140595772634944,1.8741537859190773e-08,7.615543939719314e-07
ZNF280A|129025,-0.31378188442517324,1.9318633885445843e-08,7.832904612505007e-07
UTP11L|51118,-0.31360894965033687,1.9686658681030467e-08,7.964733152652196e-07
TRIT1|54802,-0.313555863565444,1.9800984217436486e-08,7.990930785203338e-07
SNED1|25992,0.3135347120784944,1.984671426066172e-08,7.990930785203338e-07
RAB14|51552,0.31350941324116266,1.9901544987760694e-08,7.990930785203338e-07
GNA14|9630,0.31349928473751226,1.992353771431958e-08,7.990930785203338e-07
VENTX|27287,0.31338671665608037,2.0169550622455453e-08,8.05941547629252e-07
PTGDR|5729,0.31338146973923814,2.0181088834011965e-08,8.05941547629252e-07
EDEM1|9695,0.31329499522639975,2.0372171322745934e-08,8.118266555008412e-07
ADCY7|113,0.3132502038422713,2.0471832645711965e-08,8.140512467470475e-07
MYADM|91663,0.31322697868013066,2.0523694142589967e-08,8.143696586066146e-07
LHFP|10186,0.3130946782029365,2.0821548870400225e-08,8.244267857640345e-07
CHST6|4166,0.31283505406900697,2.1418237641921927e-08,8.462482404478515e-07
MED31|51003,-0.3128143173170957,2.146660238259723e-08,8.463583996705532e-07
RCN2|5955,-0.3125791625504214,2.2022492837607974e-08,8.664357881236866e-07
SGCB|6443,0.3125260764655285,2.214989511463806e-08,8.669594324381186e-07
FAM115C|285966,0.31252483226041383,2.2152889627013222e-08,8.669594324381186e-07
NT5E|4907,0.3125152933545346,2.217586054970955e-08,8.669594324381186e-07
ZEB1|6935,0.31221709886205,2.2905665981176545e-08,8.936097001480009e-07
CISH|1154,0.3117973870033652,2.3972296157274344e-08,9.332610893932591e-07
HMGA2|8091,-0.3117301999271725,2.4147435492486982e-08,9.381127135888771e-07
RAB11FIP4|84440,-0.31168540854304416,2.4264880877549904e-08,9.407073860043877e-07
PER2|8864,0.3116124151763163,2.4457456278105393e-08,9.461978397592023e-07
YARS2|51067,-0.3114660137078225,2.4848159964117418e-08,9.593146164940965e-07
ERH|2079,-0.3113673067687247,2.511497509999935e-08,9.676039161970703e-07
FHOD3|80206,0.31117860232633177,2.5632783936152115e-08,9.855088979178982e-07
TMEM199|147007,-0.3111392024977003,2.574219139060673e-08,9.87670442404064e-07
FKBP5|2289,0.31101021990081196,2.6103520333291033e-08,9.99468809462298e-07
CT45A1|541466,-0.31082822758823164,2.6621690475697884e-08,1.0172115064479623e-06
CAV2|858,0.3106738697848106,2.706895120732733e-08,1.03217746184819e-06
TBC1D8B|54885,0.3106518888277846,2.713322952229103e-08,1.0325083447314435e-06
ARHGEF10|9639,0.3104553044196654,2.77146868737365e-08,1.0524779861866804e-06
MRPS26|64949,-0.31039226469385506,2.7903680093762372e-08,1.0574925292676882e-06
IFFO1|25900,0.31037028373682907,2.7969871159551394e-08,1.0578421739976975e-06
KCNS3|3790,0.3102025555768355,2.8479965351029673e-08,1.0749450336760592e-06
SDHAF2|54949,-0.3100737481844974,2.887777923102658e-08,1.0877492095743682e-06
FLI1|2313,0.3098249071615617,2.9661556726969202e-08,1.115010340930806e-06
TEX19|400629,-0.30979285345472213,2.976399755036133e-08,1.1166008777984039e-06
RUVBL1|8607,-0.30975108432475745,2.9898000643099396e-08,1.1193666773031367e-06
POTEH|23784,-0.3097306131657522,2.99638883964256e-08,1.1195762726793227e-06
GGT5|2687,0.3096847267186413,3.011208654260914e-08,1.1228543114382564e-06
FAM60A|58516,-0.3095661124977086,3.04984575090553e-08,1.1349826772407955e-06
MYO5A|4644,0.3095287863442682,3.062102963300077e-08,1.1372650405696486e-06
TMEM130|222865,0.30927953058629437,3.1451814450633204e-08,1.1636219293685305e-06
EXOC3L|283849,0.30927828638117966,3.1456015538126135e-08,1.1636219293685305e-06
GPR19|2842,-0.309255061219039,3.153453533810484e-08,1.1642073980688008e-06
MAPRE3|22924,0.30919699831368735,3.173166346550975e-08,1.1691606955446746e-06
ATXN7|6314,0.3091746026216231,3.1808016044226245e-08,1.1696531840421414e-06
TGIF2|60436,-0.30912110180169194,3.199113240130396e-08,1.1740619144114914e-06
MEF2D|4209,0.30901119701656204,3.237049929321908e-08,1.185641364645125e-06
MRPS28|28957,-0.3089614288119749,3.254371303355282e-08,1.1896392736871572e-06
MRPL45|84311,-0.3088805554795208,3.282709509467911e-08,1.1976407778156995e-06
SFXN2|118980,-0.3088241515143221,3.3026144201082704e-08,1.2007737973815283e-06
NUP37|79023,-0.30881958942890153,3.304229458599682e-08,1.2007737973815283e-06
HAUS8|93323,-0.3083364231093681,3.4796616463290296e-08,1.262056968209572e-06
NDUFB8|4714,-0.30826633288790795,3.505845635082101e-08,1.2683487789097813e-06
PWP1|11137,-0.3082534761017229,3.5106692103372515e-08,1.2683487789097813e-06
CNTNAP3|79937,0.3082254367887619,3.521211152744989e-08,1.26968720595096e-06
ZNF492|57615,-0.30819831634163886,3.531436690844681e-08,1.270906576530731e-06
CXorf59|286464,-0.30796020340187835,3.6224540809851464e-08,1.3011406631314152e-06
HECW2|57520,0.3078723346015931,3.656609949600908e-08,1.3071624792322792e-06
IL13RA1|3597,0.30786818725121085,3.6582297414996105e-08,1.3071624792322792e-06
MTG1|92170,-0.3078627956957139,3.660336506197012e-08,1.3071624792322792e-06
ATP8B4|79895,0.30772634786813746,3.714045315958119e-08,1.3237969581063775e-06
SRP9|6726,-0.3074016103332064,3.844945378455345e-08,1.364054085030576e-06
SLC35E3|55508,-0.3073933156324419,3.848346559117126e-08,1.364054085030576e-06
RARRES1|5918,0.307391656692289,3.8490271435434664e-08,1.364054085030576e-06
MRVI1|10335,0.3073282022314404,3.875146858846516e-08,1.3706948032148535e-06
TMEM2|23670,0.3071382535839328,3.9543616256686826e-08,1.3959302938547684e-06
MINPP1|9562,-0.30710466004583653,3.968532869811821e-08,1.3959302938547684e-06
PTGFR|5737,0.307103454066021,3.969042515645222e-08,1.3959302938547684e-06
MRPS16|51021,-0.3069412544407754,4.0381664020552734e-08,1.4169422823507475e-06
GIMAP8|155038,0.30691263772313787,4.050481799502367e-08,1.4169422823507475e-06
RBPJL|11317,-0.3069098657982622,4.0516766393551257e-08,1.4169422823507475e-06
PDE4A|5141,0.30649541427468235,4.2342052354239726e-08,1.4779923161996835e-06
SECTM1|6398,0.30642325037803103,4.2667874670453876e-08,1.4865711681619672e-06
MRPL11|65003,-0.30637970319901725,4.286566041055865e-08,1.4906653816930227e-06
RG9MTD3|158234,0.30626191844816103,4.340506550684702e-08,1.5066019933871947e-06
COX15|1355,-0.3062386932860204,4.351219724245673e-08,1.5068649597295736e-06
POP5|51367,-0.3062208596793767,4.359463220573427e-08,1.5068649597295736e-06
RNF20|56254,0.3062075881581534,4.3656076916236434e-08,1.5068649597295736e-06
RAPH1|65059,0.30599690275873453,4.46427749198427e-08,1.5380636925073822e-06
TIMELESS|8914,-0.3058334971536735,4.542282711078307e-08,1.562040554531929e-06
KDR|3791,0.30576879848771016,4.573529981543494e-08,1.5698789603930253e-06
LMAN1|3998,0.30567340942891813,4.619978189792618e-08,1.5828965864289466e-06
SENP3|26168,-0.3055771909000497,4.6672911282733925e-08,1.5961619935918397e-06
TNKS1BP1|85456,0.305458576679117,4.72626001870611e-08,1.6133575100619938e-06
COL21A1|81578,0.30539658498232325,4.757364388383158e-08,1.6191294389852123e-06
KREMEN2|79412,-0.30539014539780973,4.7606067511358424e-08,1.6191294389852123e-06
GNB4|59345,0.305232960818322,4.840414220051165e-08,1.6426398161012943e-06
MSN|4478,0.30521927456206055,4.8474239053500766e-08,1.6426398161012943e-06
GABPB1|2553,-0.3051678474173205,4.873850950064388e-08,1.6485867421256046e-06
GPHA2|170589,-0.3051233856643887,4.8968106231220095e-08,1.6533413322068312e-06
NFIC|4782,0.3050235196240178,4.948761533477518e-08,1.6640762396754488e-06
ADCY4|196883,0.30501563965829154,4.9528832895610114e-08,1.6640762396754488e-06
FUT3|2525,0.3050106628378328,4.955488209695871e-08,1.6640762396754488e-06
TGOLN2|10618,0.3049310337104934,4.997347075964845e-08,1.6739173587486628e-06
KCNJ11|3767,-0.3049206653345377,5.0028224776817875e-08,1.6739173587486628e-06
ASCL1|429,-0.30476846112882444,5.0838684619738003e-08,1.6979754917059977e-06
KIFC3|3801,0.3045100776466939,5.224360854653893e-08,1.741766266982456e-06
STAMBPL1|57559,0.304477313578674,5.242441125516136e-08,1.7446618584378969e-06
ECM2|1842,0.30442878957920155,5.2693291420343896e-08,1.7504730262536423e-06
NLRP3|114548,0.3043776013609963,5.2978375837852033e-08,1.7568007844802005e-06
PRDX6|9588,-0.30426206609383466,5.3627308415717616e-08,1.7722235998965034e-06
PTMS|5763,-0.30426082188871995,5.3634338349048736e-08,1.7722235998965034e-06
MRTO4|51154,-0.3042359377864264,5.3775123783428535e-08,1.7737194469951473e-06
MYBL2|4605,-0.303908711841266,5.565993341522307e-08,1.8326329140437806e-06
RDH12|145226,-0.3038813210066297,5.582056121760129e-08,1.8346687111696566e-06
MSRB3|253827,0.30361010261374316,5.7435380211796525e-08,1.8801478761707987e-06
C3orf26|84319,-0.3036076142035138,5.745040256423254e-08,1.8801478761707987e-06
MRPL44|65080,-0.3035980752976346,5.750802335298943e-08,1.8801478761707987e-06
DDX52|11056,-0.3035275703411362,5.793564757407858e-08,1.8907996053614047e-06
AKT3|10000,0.30347780213654907,5.823934417006705e-08,1.897376528487974e-06
AAAS|8086,-0.3032936597795766,5.937642403472049e-08,1.931033615279789e-06
NAP1L1|4673,-0.30322564323330753,5.980181568318823e-08,1.9414680371272823e-06
C14orf49|161176,0.30320490648139625,5.993209169783011e-08,1.9423018199453844e-06
MBP|4155,0.3031862434046761,6.00495740264122e-08,1.9427187973353212e-06
SHROOM1|134549,0.3031447699008535,6.031144134700566e-08,1.947797331850252e-06
TMC4|147798,0.3030809007049667,6.071687159067061e-08,1.9574866413867244e-06
DUT|1854,-0.30293325503135815,6.166418289770178e-08,1.9845821081634697e-06
GAGE12D|100132399,-0.30278965385052126,6.259920398215228e-08,2.0077810068735823e-06
SYNPO|11346,0.3027893419730937,6.260124948733463e-08,2.0077810068735823e-06
BHLHE40|8553,0.3026155679920769,6.375105482999971e-08,2.041132910677749e-06
SLCO1A2|6579,-0.3024215529658171,6.505884257335497e-08,2.07941946056317e-06
LIMA1|51474,0.3022024918940037,6.656654453023722e-08,2.123953147640043e-06
PRNP|5621,0.3021659952106398,6.682098639920732e-08,2.1284146096625727e-06
NCRNA00188|125144,-0.3020287179129869,6.77864559407497e-08,2.1554700116776057e-06
MAGEA9B|728269,-0.3019764071743053,6.815788332406867e-08,2.1635758860306926e-06
RNF19A|25897,0.3019055416066338,6.866418761952856e-08,2.174009516180796e-06
UBE2C|11065,-0.3018976616409075,6.872071006990453e-08,2.174009516180796e-06
PPP1R13L|10848,0.30172596133508184,6.996349813785784e-08,2.208114334261047e-06
ABHD2|11057,0.3017135192839351,7.005439214322993e-08,2.208114334261047e-06
TP53TG3B|729355,-0.3016996986822224,7.01554904261722e-08,2.208114334261047e-06
POLDIP2|26073,-0.3015853661571232,7.0997248426728e-08,2.230827247520032e-06
NRAS|4893,-0.30153228007223026,7.139138891499708e-08,2.2394224529586078e-06
PPARA|5465,0.3013145441771616,7.303015734241998e-08,2.2869646236909595e-06
C3orf57|165679,0.3011534220072808,7.426610619433923e-08,2.3217535219341408e-06
TICAM2|353376,0.3010670722224302,7.493675667967632e-08,2.3387824731791413e-06
FYCO1|79443,0.30100681077879776,7.540824139107871e-08,2.3495487292488784e-06
SNHG6|641638,-0.30098565929184823,7.557440714459476e-08,2.3507818101760883e-06
SLC25A33|84275,-0.30091473960031156,7.61341301103054e-08,2.3642321005825606e-06
ABCC3|8714,0.30089607652359135,7.628208831192307e-08,2.3644982439775307e-06
SEPHS1|22929,-0.3008815607972535,7.639735844838549e-08,2.3644982439775307e-06
LENG8|114823,0.30080110219983763,7.703933443313478e-08,2.380400067260088e-06
IFT57|55081,-0.30062608401370616,7.845380019667558e-08,2.420078188791139e-06
TXNDC17|84817,-0.3005729979288132,7.888775636438974e-08,2.4294289149033454e-06
CDC7|8317,-0.30046599628895093,7.976948979241145e-08,2.4525156050415245e-06
TNC|3371,0.30037599878565585,8.051844847035029e-08,2.4714505588337273e-06
C10orf84|63877,-0.30033144590854155,8.089172021447614e-08,2.4788106342950857e-06
KIAA1908|114796,0.30030093174373684,8.11483346671299e-08,2.4825775531607943e-06
ITIH5L|347365,-0.30024692045671214,8.160447669233045e-08,2.4924262042377903e-06
APOL6|80830,0.3001694607366192,8.226296259750511e-08,2.5062697957132033e-06
ACTL8|81569,-0.30016188289014173,8.232765618659419e-08,2.5062697957132033e-06
TMEFF1|8577,-0.3001391850788287,8.252172539025686e-08,2.508066187392913e-06
PIGU|128869,-0.3001076652159235,8.279195548691919e-08,2.5121676689413224e-06
MLF1|4291,-0.3000404781397309,8.33708209409844e-08,2.525181426044761e-06
STK33|65975,-0.30002637714843117,8.349280536303087e-08,2.525181426044761e-06
